SpectrumID	Compound_Name	Ion_Source	Instrument	Compound_Source	PI	Data_Collector	Adduct	Precursor_MZ	ExactMass	Charge	CAS_Number	Pubmed_ID	Smiles	INCHI	INCHI_AUX	Library_Class	IonMode	UpdateWorkflowName	LibraryQualityString	#Scan#	SpectrumFile	LibraryName	MQScore	Organism	TIC_Query	RT_Query	MZErrorPPM	SharedPeaks	MassDiff	LibMZ	SpecMZ	SpecCharge	FileScanUniqueID	NumberHits	tags	MoleculeExplorerDatasets	MoleculeExplorerFiles	molecular_formula	InChIKey	InChIKey-Planar	superclass	class	subclass	npclassifier_superclass	npclassifier_class	npclassifier_pathway
CCMSLIB00000572353	MoNA:606042 7-[(2-amino-1-oxo-2-phenylethyl)amino]-3-methyl-8-oxo-5-thia-1-azabicyclo[4.2.0]oct-2-ene-2-carboxylic acid	LC-ESI	qTof	Isolated	MoNA	MoNA	M+H	348.101	347.094	1	N/A	N/A	CC1=C(N2C(C(C2=O)NC(=O)C(C3=CC=CC=C3)N)SC1)C(=O)O	InChI=1S/C16H17N3O4S/c1-8-7-24-15-11(14(21)19(15)12(8)16(22)23)18-13(20)10(17)9-5-3-2-4-6-9/h2-6,10-11,15H,7,17H2,1H3,(H,18,20)(H,22,23)	N/A	3	Positive	UPDATE-SINGLE-ANNOTATED-BRONZE	Bronze	1001	spectra/specs_ms.pklbin	lib-00003.mgf	0.942575	MONA	5776.14	143.906	0.0	9	0.0	348.101	348.101	1	spectra/specs_ms.pklbin1001	1		0	0	C16H17N3O4S	ZAIPMKNFIOOWCQ-UHFFFAOYSA-N	ZAIPMKNFIOOWCQ	N/A	N/A	N/A	Î²-lactams	Cephalosporins	Amino acids and Peptides
CCMSLIB00005727131	Massbank:AC000511 Griseofulvin|Amudane, Fulvicin, Grisactin|(2S,5'R)-7-chloro-3',4,6-trimethoxy-5'-methylspiro[1-benzofuran-2,4'-cyclohex-2-ene]-1',3-dione	ESI	Hybrid FT	Isolated	Massbank	Massbank	M+H	353.078	0.0	1	126-07-8	N/A	C[C@@H]1CC(=O)C=C([C@]12C(=O)C3=C(O2)C(=C(C=C3OC)OC)Cl)OC	1S/C17H17ClO6/c1-8-5-9(19)6-12(23-4)17(8)16(20)13-10(21-2)7-11(22-3)14(18)15(13)24-17/h6-8H,5H2,1-4H3/t8-,17+/m1/s1	N/A	3	Positive	UPDATE-SINGLE-ANNOTATED-BRONZE	Bronze	1027	spectra/specs_ms.pklbin	lib-00050.mgf	0.9694010000000001	MASSBANK	42370.8	461.186	0.0	6	0.0	353.078	353.07800000000003	1	spectra/specs_ms.pklbin1027	1		0	0	C17H17ClO6	DDUHZTYCFQRHIY-RBHXEPJQSA-N	DDUHZTYCFQRHIY	N/A	N/A	N/A	Aromatic polyketides	Griseofulvins	Polyketides
CCMSLIB00005768105	Massbank:NA002777 Yohimbine|methyl (1S,15R,18S,19R,20S)-18-hydroxy-1,3,11,12,14,15,16,17,18,19,20,21-dodecahydroyohimban-19-carboxylate	ESI	Hybrid FT	Isolated	Massbank	Massbank	M+H	355.202	0.0	1	146-48-5	N/A	COC(=O)[C@H]1[C@H](CC[C@@H]2[C@@H]1C[C@H]3c4c(c5ccccc5[nH]4)CCN3C2)O	1S/C21H26N2O3/c1-26-21(25)19-15-10-17-20-14(13-4-2-3-5-16(13)22-20)8-9-23(17)11-12(15)6-7-18(19)24/h2-5,12,15,17-19,22,24H,6-11H2,1H3/t12-,15-,17-,18-,19+/m0/s1	N/A	3	Positive	UPDATE-SINGLE-ANNOTATED-BRONZE	Bronze	1046	spectra/specs_ms.pklbin	lib-00050.mgf	0.9737600000000001	MASSBANK	12765.4	211.15400000000002	2.83523	10	0.00100708	355.202	355.20099999999996	1	spectra/specs_ms.pklbin1046	1		0	0	C21H26N2O3	BLGXFZZNTVWLAY-SCYLSFHTSA-N	BLGXFZZNTVWLAY	N/A	N/A	N/A	Tryptophan alkaloids	Yohimbine-like alkaloids	Alkaloids
CCMSLIB00008851509	Carfilzomib [M+2H]+	LC-ESI	Orbitrap	Commercial	Daniel Petras	Paolo Stincone	M+2H	360.719	0.0	2	 	 	CC(C)CC(C(=O)C1(CO1)C)NC(=O)C(CC2=CC=CC=C2)NC(=O)C(CC(C)C)NC(=O)C(CCC3=CC=CC=C3)NC(=O)CN4CCOCC4	InChI=1S/C40H57N5O7/c1-27(2)22-32(36(47)40(5)26-52-40)42-39(50)34(24-30-14-10-7-11-15-30)44-38(49)33(23-28(3)4)43-37(48)31(17-16-29-12-8-6-9-13-29)41-35(46)25-45-18-20-51-21-19-45/h6-15,27-28,31-34H,16-26H2,1-5H3,(H,41,46)(H,42,50)(H,43,48)(H,44,49)	 	3	Positive	UPDATE-SINGLE-ANNOTATED-BRONZE	Bronze	1099	spectra/specs_ms.pklbin	lib-00045.mgf	0.9408610000000001	GNPS-LIBRARY	5843.2	452.413	2.79187	19	0.00201416	360.719	360.72	2	spectra/specs_ms.pklbin1099	1		0	0	C40H57N5O7	BLMPQMFVWMYDKT-UHFFFAOYSA-N	BLMPQMFVWMYDKT	N/A	N/A	N/A	Small peptides	Tripeptides	Amino acids and Peptides
CCMSLIB00003138970	Spectral Match to Cholestan-3-one, (5.alpha.)- from NIST14	ESI	QqQ	Isolated	Data from Gabriel Haddad	Data deposited by mjmeehan	M+H-H2O	369.351	0.0	1	566881	N/A	N/A	N/A	N/A	3	Positive	UPDATE-SINGLE-ANNOTATED-BRONZE	Bronze	1160	spectra/specs_ms.pklbin	lib-00018.mgf	0.8716659999999999	GNPS-NIST14-MATCHES	1874.63	645.382	2.6439999999999997	10	0.0009765619999999999	369.351	369.352	1	spectra/specs_ms.pklbin1160	1		108	7228	N/A	N/A	N/A	N/A	N/A	N/A	N/A	N/A	N/A
CCMSLIB00011427902	CAMPTOTHECIN	ESI	Orbitrap	Commercial	Cech	Vicky Anderson	M+Na	371.1	348.111	1	2114454	N/A	CCC1(C2=C(COC1=O)C(=O)N3CC4=CC5=CC=CC=C5N=C4C3=C2)O	"""InChI=1S/C20H16N2O4/c1-2-20(25)14-8-16-17-12(7-11-5-3-4-6-15(11)21-17)9-22(16)18(23)13(14)10-26-19(20)24/h3-8,25H,2,9-10H2,1H3"""	N/A	1	Positive	UPDATE-SINGLE-ANNOTATED-GOLD	Gold	1172	spectra/specs_ms.pklbin	lib-00015.mgf	0.941875	LEAFBOT	66766.0	4.39015	2.7137700000000002	8	0.00100708	371.1	371.101	1	spectra/specs_ms.pklbin1172	1		0	0	C20H16N2O4	VSJKWCGYPAHWDS-UHFFFAOYSA-N	VSJKWCGYPAHWDS	N/A	N/A	N/A	Tryptophan alkaloids	Pyrroloquinoline alkaloids	Alkaloids
CCMSLIB00011427946	FORSKOLIN	ESI	Orbitrap	Commercial	Cech	Vicky Anderson	M-2H2O+H	375.217	410.23	1	66575-29-9	N/A	CC(=O)OC1C(C2C(CCC(C2(C3(C1(OC(CC3=O)(C)C=C)C)O)C)O)(C)C)O	"""InChI=1S/C22H34O7/c1-8-19(5)11-14(25)22(27)20(6)13(24)9-10-18(3,4)16(20)15(26)17(28-12(2)23)21(22,7)29-19/h8,13,15-17,24,26-27H,1,9-11H2,2-7H3"""	N/A	1	Positive	UPDATE-SINGLE-ANNOTATED-GOLD	Gold	1197	spectra/specs_ms.pklbin	lib-00015.mgf	0.8598290000000001	LEAFBOT	12359.6	552.298	2.68399	13	0.00100708	375.217	375.216	1	spectra/specs_ms.pklbin1197	1		0	0	C22H34O7	OHCQJHSOBUTRHG-UHFFFAOYSA-N	OHCQJHSOBUTRHG	N/A	N/A	N/A	Diterpenoids	Labdane diterpenoids	Terpenoids
CCMSLIB00005745758	Massbank:PR303655 Resibufogenin	ESI	qTof	Isolated	Massbank	Massbank	M+H	385.237	0.0	1	N/A	N/A	C[C@]12CC[C@H]3[C@@H](CC[C@@H]4C[C@@H](O)CC[C@]34C)[C@]11O[C@@H]1C[C@@H]2C1=COC(=O)C=C1	1S/C24H32O4/c1-22-9-7-16(25)11-15(22)4-5-18-17(22)8-10-23(2)19(12-20-24(18,23)28-20)14-3-6-21(26)27-13-14/h3,6,13,15-20,25H,4-5,7-12H2,1-2H3/t15-,16+,17+,18-,19-,20-,22+,23-,24-/m1/s1	N/A	3	Positive	UPDATE-SINGLE-ANNOTATED-BRONZE	Bronze	1251	spectra/specs_ms.pklbin	lib-00050.mgf	0.812137	MASSBANK	2736.95	525.602	0.0	12	0.0	385.237	385.23699999999997	1	spectra/specs_ms.pklbin1251	1		0	0	C24H32O4	ATLJNLYIJOCWJE-CWMZOUAVSA-N	ATLJNLYIJOCWJE	N/A	N/A	N/A	Steroids	Bufadienolides	Terpenoids
CCMSLIB00010108930	bufalin CollisionEnergy:102040	LC-ESI	Orbitrap	Commercial	Trent Northen	JGI	M+H	387.253	0.0	1	N/A	N/A	CC12CCC(O)CC1CCC1C2CCC2(C)C(c3ccc(=O)oc3)CCC12O	"""InChI=1S/C24H34O4/c1-22-10-7-17(25)13-16(22)4-5-20-19(22)8-11-23(2)18(9-12-24(20,23)27)15-3-6-21(26)28-14-15/h3,6,14,16-20,25,27H,4-5,7-13H2,1-2H3/t16-,17+,18+,19+,20-,22+,23-,24-/m1/s1"""	N/A	3	Positive	UPDATE-SINGLE-ANNOTATED-BRONZE	Bronze	1273	spectra/specs_ms.pklbin	lib-00011.mgf	0.863658	BERKELEY-LAB	7256.36	483.21	0.0	14	0.0	387.253	387.25300000000004	1	spectra/specs_ms.pklbin1273	1		0	0	C24H34O4	QEEBRPGZBVVINN-UHFFFAOYSA-N	QEEBRPGZBVVINN	N/A	N/A	N/A	Steroids	Bufadienolides	Terpenoids
CCMSLIB00004693867	Dehydrorotenone	N/A	ESI-QFT	isolated	MoNA	MoNA:VF-NPL-QEHF002804	[M+H]+	393.133	0.0	1	N/A	N/A	C=C(C)C1Cc2c(ccc3c(=O)c4c(oc23)COc2cc(OC)c(OC)cc2-4)O1	InChI=1S/C23H20O6/c1-11(2)16-8-14-15(28-16)6-5-12-22(24)21-13-7-18(25-3)19(26-4)9-17(13)27-10-20(21)29-23(12)14/h5-7,9,16H,1,8,10H2,2-4H3	N/A	3	positive	UPDATE-SINGLE-ANNOTATED-BRONZE	Bronze	1313	spectra/specs_ms.pklbin	lib-00003.mgf	0.700042	MONA	16515.7	543.776	0.0	6	0.0	393.133	393.13300000000004	1	spectra/specs_ms.pklbin1313	1		0	0	C23H20O6	GFERNZCCTZEIET-UHFFFAOYSA-N	GFERNZCCTZEIET	N/A	N/A	N/A	Isoflavonoids	Rotenoids	Shikimates and Phenylpropanoids
CCMSLIB00010109419	Deguelin CollisionEnergy:102040	LC-ESI	Orbitrap	Commercial	Trent Northen	JGI	M+H	395.149	0.0	1	N/A	N/A	COc1cc2c(cc1OC)C1C(=O)c3ccc4c(c3OC1CO2)C=CC(C)(C)O4	"""InChI=1S/C23H22O6/c1-23(2)8-7-12-15(29-23)6-5-13-21(24)20-14-9-17(25-3)18(26-4)10-16(14)27-11-19(20)28-22(12)13/h5-10,19-20H,11H2,1-4H3/t19-,20+/m1/s1"""	N/A	3	Positive	UPDATE-SINGLE-ANNOTATED-BRONZE	Bronze	1354	spectra/specs_ms.pklbin	lib-00011.mgf	0.9366979999999999	BERKELEY-LAB	10416.2	579.617	0.0	11	0.0	395.149	395.149	1	spectra/specs_ms.pklbin1354	1		0	0	C23H22O6	ORDAZKGHSNRHTD-UHFFFAOYSA-N	ORDAZKGHSNRHTD	N/A	N/A	N/A	Isoflavonoids	Isoflavanones|Rotenoids	Shikimates and Phenylpropanoids
CCMSLIB00005760641	Massbank:LU061002 Tris(2-butoxyethyl) phosphate	ESI	Hybrid FT	Isolated	Massbank	Massbank	M+H	399.251	0.0	1	78-51-3	N/A	CCCCOCCOP(=O)(OCCOCCCC)OCCOCCCC	1S/C18H39O7P/c1-4-7-10-20-13-16-23-26(19,24-17-14-21-11-8-5-2)25-18-15-22-12-9-6-3/h4-18H2,1-3H3	N/A	3	Positive	UPDATE-SINGLE-ANNOTATED-BRONZE	Bronze	1375	spectra/specs_ms.pklbin	lib-00050.mgf	0.8413959999999999	MASSBANK	2867.83	605.273	2.52242	6	0.00100708	399.251	399.25	1	spectra/specs_ms.pklbin1375	1		0	0	C18H39O7P	WTLBZVNBAKMVDP-UHFFFAOYSA-N	WTLBZVNBAKMVDP	N/A	N/A	N/A	Glycerophospholipids		Fatty acids
CCMSLIB00010106658	Vinblastine sulfate CollisionEnergy:102040	LC-ESI	Orbitrap	Commercial	Trent Northen	JGI	M+2H]	406.217	0.0	1	N/A	N/A	CCC1(O)CC2CN(CCc3c([nH]c4ccccc34)C(C(=O)OC)C2c2cc3c(cc2OC)N(C)C2C(O)(C(=O)OC)C(OC(C)=O)C4(CC)C=CCN5CCC32C54)C1	"""InChI=1S/C46H58N4O9/c1-8-43(54)23-27-24-49(25-43)19-15-29-28-13-10-11-14-32(28)47-37(29)36(38(52)57-6)35(27)30-21-31-33(22-34(30)56-5)48(4)40-45(31)17-20-50-18-12-16-44(9-2,39(45)50)41(59-26(3)51)46(40,55)42(53)58-7/h10-14,16,21-22,27,35-36,39-41,47,54-55H,8-9,15,17-20,23-25H2,1-7H3/t27-,35+,36?,39-,40+,41+,43-,44+,45+,46-/m0/s1"""	N/A	3	Positive	UPDATE-SINGLE-ANNOTATED-BRONZE	Bronze	1445	spectra/specs_ms.pklbin	lib-00011.mgf	0.941508	BERKELEY-LAB	34814.0	302.78	0.0	23	405.21	406.217	406.217	2	spectra/specs_ms.pklbin1445	1		0	0	C46H58N4O9	KPPBSXVQPGVPRR-UHFFFAOYSA-N	KPPBSXVQPGVPRR	N/A	N/A	N/A	Tryptophan alkaloids	Aspidosperma type|Aspidosperma-Iboga hybrid type (Vinca alkaloids)	Alkaloids
CCMSLIB00006565756	amorphigenin	ESI	Orbitrap	Commercial standard	BMDMS-NP	BMDMS-NP	[M+H]+	411.15	410.137	1	N/A	N/A	O=C1C2=CC=C3OC(C(=C)CO)CC3=C2OC4COC5=CC(OC)=C(OC)C=C5C14	InChI=1S/C23H22O7/c1-11(9-24)16-7-14-15(29-16)5-4-12-22(25)21-13-6-18(26-2)19(27-3)8-17(13)28-10-20(21)30-23(12)14/h4-6,8,16,20-21,24H,1,7,9-10H2,2-3H3	N/A	1	Positive	UPDATE-SINGLE-ANNOTATED-GOLD	Gold	1487	spectra/specs_ms.pklbin	lib-00042.mgf	0.828401	BMDMS-NP	4187.14	505.38699999999994	14.5481	7	0.00598145	411.15	411.144	1	spectra/specs_ms.pklbin1487	1		0	0	C23H22O7	ZJMLELXRQUXRIU-UHFFFAOYSA-N	ZJMLELXRQUXRIU	N/A	N/A	N/A	Isoflavonoids	Rotenoids	Shikimates and Phenylpropanoids
CCMSLIB00010115765	spiramycin CollisionEnergy:205060	LC-ESI	Orbitrap	Commercial	Trent Northen	JGI	M+2H]	422.264	0.0	1	N/A	N/A	COC1C(O)CC(=O)OC(C)CC=CC=CC(OC2CCC(N(C)C)C(C)O2)C(C)CC(CC=O)C1OC1OC(C)C(OC2CC(C)(O)C(O)C(C)O2)C(N(C)C)C1O	"""InChI=1S/C43H74N2O14/c1-24-21-29(19-20-46)39(59-42-37(49)36(45(9)10)38(27(4)56-42)58-35-23-43(6,51)41(50)28(5)55-35)40(52-11)31(47)22-33(48)53-25(2)15-13-12-14-16-32(24)57-34-18-17-30(44(7)8)26(3)54-34/h12-14,16,20,24-32,34-42,47,49-51H,15,17-19,21-23H2,1-11H3/b13-12+,16-14+/t24-,25-,26?,27?,28?,29+,30?,31-,32+,34?,35?,36?,37?,38?,39+,40+,41?,42?,43?/m1/s1"""	N/A	3	Positive	UPDATE-SINGLE-ANNOTATED-BRONZE	Bronze	1546	spectra/specs_ms.pklbin	lib-00011.mgf	0.8892530000000001	BERKELEY-LAB	39463.8	232.551	0.0	19	421.25699999999995	422.264	422.264	2	spectra/specs_ms.pklbin1546	1		0	0	C43H74N2O14	ACTOXUHEUCPTEW-UHFFFAOYSA-N	ACTOXUHEUCPTEW	N/A	N/A	N/A	Macrolides	Erythromycins|Tylosins	Polyketides
CCMSLIB00004702779	COLFORSIN	N/A	ESI-QFT	isolated	MoNA	MoNA:VF-NPL-QEHF011716	[M+NH4]+	428.264	0.0	1	N/A	N/A	C=C[C@@]1(C)CC(=O)[C@@]2(O)[C@](C)(O1)[C@@H](OC(C)=O)[C@@H](O)[C@H]1C(C)(C)CC[C@H](O)[C@@]12C	InChI=1S/C22H34O7/c1-8-19(5)11-14(25)22(27)20(6)13(24)9-10-18(3,4)16(20)15(26)17(28-12(2)23)21(22,7)29-19/h8,13,15-17,24,26-27H,1,9-11H2,2-7H3/t13-,15-,16-,17-,19-,20-,21+,22-/m0/s1	N/A	3	positive	UPDATE-SINGLE-ANNOTATED-BRONZE	Bronze	1589	spectra/specs_ms.pklbin	lib-00003.mgf	0.861151	MONA	2837.23	554.254	0.0	13	0.0	428.264	428.264	1	spectra/specs_ms.pklbin1589	1		0	0	C22H34O7	OHCQJHSOBUTRHG-KGGHGJDLSA-N	OHCQJHSOBUTRHG	N/A	N/A	N/A	Diterpenoids	Labdane diterpenoids	Terpenoids
CCMSLIB00008851494	Mifepristone [M+H]+	LC-ESI	Orbitrap	Commercial	Daniel Petras	Stilianos Papadopoulos Lambidis	M+H	430.274	0.0	1	 	 	CC#CC1(CCC2C1(CC(C3=C4CCC(=O)C=C4CCC23)C5=CC=C(C=C5)N(C)C)C)O	InChI=1S/C29H35NO2/c1-5-15-29(32)16-14-26-24-12-8-20-17-22(31)11-13-23(20)27(24)25(18-28(26,29)2)19-6-9-21(10-7-19)30(3)4/h6-7,9-10,17,24-26,32H,8,11-14,16,18H2,1-4H3	 	3	Positive	UPDATE-SINGLE-ANNOTATED-BRONZE	Bronze	1607	spectra/specs_ms.pklbin	lib-00045.mgf	0.897006	GNPS-LIBRARY	11979.0	369.36800000000005	0.0	14	0.0	430.274	430.274	1	spectra/specs_ms.pklbin1607	1		0	0	C2H6	VKHAHZOOUSRJNA-UHFFFAOYSA-N	VKHAHZOOUSRJNA	N/A	N/A	N/A	Fatty acyls	Hydrocarbons	Fatty acids
CCMSLIB00008851475	Forskolin [M+Na]+	LC-ESI	Orbitrap	Commercial	Daniel Petras	Paolo Stincone	M+H	433.284	0.0	1	 	 	CC(=O)OC1C(C2C(CCC(C2(C3(C1(OC(CC3=O)(C)C=C)C)O)C)O)(C)C)O	InChI=1S/C22H34O7/c1-8-19(5)11-14(25)22(27)20(6)13(24)9-10-18(3,4)16(20)15(26)17(28-12(2)23)21(22,7)29-19/h8,13,15-17,24,26-27H,1,9-11H2,2-7H3	 	3	Positive	UPDATE-SINGLE-ANNOTATED-BRONZE	Bronze	1627	spectra/specs_ms.pklbin	lib-00045.mgf	0.8130729999999999	GNPS-LIBRARY	2862.64	368.651	0.0	14	0.0	433.284	433.284	1	spectra/specs_ms.pklbin1627	1		0	0	C22H34O7	OHCQJHSOBUTRHG-UHFFFAOYSA-N	OHCQJHSOBUTRHG	N/A	N/A	N/A	Diterpenoids	Labdane diterpenoids	Terpenoids
CCMSLIB00003136900	Spectral Match to Dioctyl sulfosuccinate from NIST14	ESI	QqQ	Isolated	Data from Lihini Aluwihare	Data deposited by daniel	M-H+2Na	467.204	0.0	1	10041197	N/A	N/A	N/A	N/A	3	Positive	UPDATE-SINGLE-ANNOTATED-BRONZE	Bronze	1860	spectra/specs_ms.pklbin	lib-00018.mgf	0.858215	GNPS-NIST14-MATCHES	11766.3	804.768	2.09023	10	0.0009765619999999999	467.204	467.205	1	spectra/specs_ms.pklbin1860	1		27	457	N/A	N/A	N/A	N/A	N/A	N/A	N/A	N/A	N/A
CCMSLIB00005772093	Massbank: Kanamycin A	ESI	qTof	Isolated	Massbank	Massbank	M+H	485.245	0.0	1	N/A	N/A	C1[C@H]([C@@H]([C@H]([C@@H]([C@H]1N)O[C@@H]2[C@@H]([C@H]([C@@H]([C@H](O2)CN)O)O)O)O)O[C@@H]3[C@@H]([C@H]([C@@H]([C@H](O3)CO)O)N)O)N	1S/C18H36N4O11/c19-2-6-10(25)12(27)13(28)18(30-6)33-16-5(21)1-4(20)15(14(16)29)32-17-11(26)8(22)9(24)7(3-23)31-17/h4-18,23-29H,1-3,19-22H2/t4-,5+,6-,7-,8+,9-,10-,11-,12+,13-,14-,15+,16-,17-,18-/m1/s1	N/A	3	Positive	UPDATE-SINGLE-ANNOTATED-BRONZE	Bronze	1924	spectra/specs_ms.pklbin	lib-00050.mgf	0.871124	MASSBANK	42665.2	72.8485	2.0754099999999998	8	0.00100708	485.245	485.246	1	spectra/specs_ms.pklbin1924	1		0	0	C18H36N4O11	SBUJHOSQTJFQJX-NOAMYHISSA-N	SBUJHOSQTJFQJX	N/A	N/A	N/A	Aminosugars and aminoglycosides|Polyols	Amino cyclitols|Aminoglycosides	Carbohydrates
CCMSLIB00000479758	Antimycin A4-CDM-BAW-AED	LC-ESI	qTof	Commercial	DAS	Oman	M+H	507.234	0.0	1	 	 	 	 	 	3	Positive	UPDATE-SINGLE-ANNOTATED-BRONZE	Bronze	1985	spectra/specs_ms.pklbin	lib-00045.mgf	0.772005	GNPS-LIBRARY	8332.35	560.543	0.0	8	0.0	507.234	507.23400000000004	1	spectra/specs_ms.pklbin1985	1		2	31	N/A	N/A	N/A	N/A	N/A	N/A	N/A	N/A	N/A
CCMSLIB00000479757	Antimycin A3-CDM-BAW-AED	LC-ESI	qTof	Commercial	DAS	Oman	M+H	521.25	0.0	1	 	 	 	 	 	3	Positive	UPDATE-SINGLE-ANNOTATED-BRONZE	Bronze	2033	spectra/specs_ms.pklbin	lib-00045.mgf	0.743424	GNPS-LIBRARY	8214.39	576.1080000000001	1.8735	8	0.0009765619999999999	521.25	521.249	1	spectra/specs_ms.pklbin2033	1		2	18	N/A	N/A	N/A	N/A	N/A	N/A	N/A	N/A	N/A
CCMSLIB00008851497	Antimycin [M+H]+	LC-ESI	Orbitrap	Commercial	Daniel Petras	Stilianos Papadopoulos Lambidis	M+H	535.265	0.0	1	 	 	CCCCCC1C(C(OC(=O)C(C(OC1=O)C)NC(=O)C2=C(C(=CC=C2)NC=O)O)C)OC(=O)CC(C)C	InChI=1S/C27H38N2O9/c1-6-7-8-10-19-24(38-21(31)13-15(2)3)17(5)37-27(35)22(16(4)36-26(19)34)29-25(33)18-11-9-12-20(23(18)32)28-14-30/h9,11-12,14-17,19,22,24,32H,6-8,10,13H2,1-5H3,(H,28,30)(H,29,33)	 	3	Positive	UPDATE-SINGLE-ANNOTATED-BRONZE	Bronze	2084	spectra/specs_ms.pklbin	lib-00045.mgf	0.849701	GNPS-LIBRARY	5433.58	590.316	0.0	8	0.0	535.265	535.265	1	spectra/specs_ms.pklbin2084	1		0	0	C27H38N2O9	ZVYMCLIDNNTNCL-UHFFFAOYSA-N	ZVYMCLIDNNTNCL	N/A	N/A	N/A	Macrolides	Antimycins	Amino acids and Peptides|Polyketides
CCMSLIB00000206118	Massbank: Doxorubicin	ESI	LC-ESI-QTOF	Isolated	Putative Massbank Match	Massbank	[M+H]+	544.182	0.0	1	N/A	N/A	c(=O)(c12)c(c5O[H])c(c(O[H])c(c35)C(C(C(=O)C([H])([H])O[H])(C(C3(OC([H])(C([H])([H])4)OC([H])(C([H])(O[H])C([H])(N([H])[H])4)C([H])([H])[H])[H])([H])[H])O[H])([H])[H])c(c1c(c(c(c2OC([H])([H])[H])[H])[H])[H])=O	1S/C27H29NO11/c1-10-22(31)13(28)6-17(38-10)39-15-8-27(36,16(30)9-29)7-12-19(15)26(35)21-20(24(12)33)23(32)11-4-3-5-14(37-2)18(11)25(21)34/h3-5,10,13,15,17,22,29,31,33,35-36H,6-9,28H2,1-2H3	N/A	3	Positive	UPDATE-SINGLE-ANNOTATED-BRONZE	Bronze	2103	spectra/specs_ms.pklbin	lib-00050.mgf	0.896228	MASSBANK	13455.1	281.935	1.79455	12	0.0009765619999999999	544.182	544.181	1	spectra/specs_ms.pklbin2103	1		0	0	C27H29NO11	AOJJSUZBOXZQNB-UHFFFAOYSA-N	AOJJSUZBOXZQNB	N/A	N/A	N/A	Polycyclic aromatic polyketides	Anthracyclines	Polyketides
CCMSLIB00011906061	Antimycin A	ESI	Orbitrap	Isolated	Daniel Petras	"""Christian Geibel, Giovanni Andrea Vitale"""	M+H	549.281	548.273	1	N/A	N/A	CCCCCCC1C(C(OC(=O)C(C(OC1=O)C)NC(=O)C2=C(C(=CC=C2)NC=O)O)C)OC(=O)CC(C)C	InChI=1S/C28H40N2O9/c1-6-7-8-9-11-20-25(39-22(32)14-16(2)3)18(5)38-28(36)23(17(4)37-27(20)35)30-26(34)19-12-10-13-21(24(19)33)29-15-31/h10,12-13,15-18,20,23,25,33H,6-9,11,14H2,1-5H3,(H,29,31)(H,30,34)	N/A	1	Positive	UPDATE-SINGLE-ANNOTATED-GOLD	Gold	2117	spectra/specs_ms.pklbin	lib-00028.mgf	0.738667	TUEBINGEN-NATURAL-PRODUCT-COLLECTION	4525.43	600.7	0.0	7	0.0	549.281	549.281	1	spectra/specs_ms.pklbin2117	1		0	0	C28H40N2O9	UIFFUZWRFRDZJC-UHFFFAOYSA-N	UIFFUZWRFRDZJC	N/A	N/A	N/A	Macrolides	Antimycins	Amino acids and Peptides|Polyketides
CCMSLIB00010125177	MLS002702107 CollisionEnergy:205060	LC-ESI	Orbitrap	Commercial	Trent Northen	JGI	M+Na	566.163	0.0	1	N/A	N/A	COc1cccc2c1C(=O)c1c(O)c3c(c(O)c1C2=O)CC(O)(C(=O)CO)CC3OC1CC(N)C(O)C(C)O1	"""InChI=1S/C27H29NO11/c1-10-22(31)13(28)6-17(38-10)39-15-8-27(36,16(30)9-29)7-12-19(15)26(35)21-20(24(12)33)23(32)11-4-3-5-14(37-2)18(11)25(21)34/h3-5,10,13,15,17,22,29,31,33,35-36H,6-9,28H2,1-2H3/t10?,13?,15-,17?,22?,27-/m0/s1"""	N/A	3	Positive	UPDATE-SINGLE-ANNOTATED-BRONZE	Bronze	2168	spectra/specs_ms.pklbin	lib-00011.mgf	0.755961	BERKELEY-LAB	1911.99	290.469	0.0	6	0.0	566.163	566.163	1	spectra/specs_ms.pklbin2168	1		0	0	C27H29NO11	AOJJSUZBOXZQNB-UHFFFAOYSA-N	AOJJSUZBOXZQNB	N/A	N/A	N/A	Polycyclic aromatic polyketides	Anthracyclines	Polyketides
CCMSLIB00000005538	Etoposide	LC-ESI	qTof	Isolated	Sirenas	Ed Esquenazi 	M+H	589.193	0.0	1	N/A	N/A	N/A	N/A	N/A	3	Positive	UPDATE-SINGLE-ANNOTATED-BRONZE	Bronze	2236	spectra/specs_ms.pklbin	lib-00005.mgf	0.963917	GNPS-SELLECKCHEM-FDA-PART1	2992.23	352.47900000000004	3.41851	10	0.00201416	589.193	589.191	1	spectra/specs_ms.pklbin2236	1		0	0	N/A	N/A	N/A	N/A	N/A	N/A	N/A	N/A	N/A
CCMSLIB00006436254	Baccatin III	ESI	Orbitrap	Commercial standard	BMDMS-NP	BMDMS-NP	[M+Na]+	609.23	586.241	1	N/A	N/A	O=C(OC1C2C3(OC(=O)C)COC3CC(O)C2(C(=O)C(OC(=O)C)C4=C(C)C(O)CC1(O)C4(C)C)C)C=5C=CC=CC5	InChI=1S/C31H38O11/c1-15-19(34)13-31(38)26(41-27(37)18-10-8-7-9-11-18)24-29(6,20(35)12-21-30(24,14-39-21)42-17(3)33)25(36)23(40-16(2)32)22(15)28(31,4)5/h7-11,19-21,23-24,26,34-35,38H,12-14H2,1-6H3	N/A	1	Positive	UPDATE-SINGLE-ANNOTATED-GOLD	Gold	2293	spectra/specs_ms.pklbin	lib-00042.mgf	0.772598	BMDMS-NP	2906.59	425.58	1.70313	8	0.0010375999999999999	609.23	609.231	1	spectra/specs_ms.pklbin2293	1		8	48	C31H38O11	OVMSOCFBDVBLFW-UHFFFAOYSA-N	OVMSOCFBDVBLFW	N/A	N/A	N/A	Diterpenoids	Taxane diterpenoids|Tetracyclic diterpenoids	Terpenoids
CCMSLIB00005436263	Contaminants septum vial Thermo C4000-53 and C4000-54 serie	LC-ESI	Orbitrap	Lysate	Dorrestein	lfnothias	M+H	610.184	0.0	0	 	 	 	 	 	3	Positive	UPDATE-SINGLE-ANNOTATED-BRONZE	Bronze	2295	spectra/specs_ms.pklbin	lib-00045.mgf	0.8231790000000001	GNPS-LIBRARY	2884.31	698.0239999999999	0.0	10	0.0	610.184	610.184	1	spectra/specs_ms.pklbin2295	1		0	0	N/A	N/A	N/A	N/A	N/A	N/A	N/A	N/A	N/A
CCMSLIB00010110963	Etoposide; VP-16-213 CollisionEnergy:102040	LC-ESI	Orbitrap	Commercial	Trent Northen	JGI	M+Na	611.173	0.0	1	N/A	N/A	COc1cc(C2c3cc4c(cc3C(OC3OC5COC(C)OC5C(O)C3O)C3COC(=O)C23)OCO4)cc(OC)c1O	"""InChI=1S/C29H32O13/c1-11-36-9-20-27(40-11)24(31)25(32)29(41-20)42-26-14-7-17-16(38-10-39-17)6-13(14)21(22-15(26)8-37-28(22)33)12-4-18(34-2)23(30)19(5-12)35-3/h4-7,11,15,20-22,24-27,29-32H,8-10H2,1-3H3/t11?,15?,20?,21-,22+,24?,25?,26?,27?,29?/m1/s1"""	N/A	3	Positive	UPDATE-SINGLE-ANNOTATED-BRONZE	Bronze	2297	spectra/specs_ms.pklbin	lib-00011.mgf	0.876138	BERKELEY-LAB	2939.08	352.88699999999994	0.0	10	0.0	611.173	611.173	1	spectra/specs_ms.pklbin2297	1		0	0	C29H32O13	VJJPUSNTGOMMGY-UHFFFAOYSA-N	VJJPUSNTGOMMGY	N/A	N/A	N/A	Lignans	Arylnaphthalene and aryltetralin lignans	Shikimates and Phenylpropanoids
CCMSLIB00010112455	bromocriptine CollisionEnergy:102040	LC-ESI	Orbitrap	Commercial	Trent Northen	JGI	M+H	654.229	0.0	1	N/A	N/A	CC(C)CC1C(=O)N2CCCC2C2(O)OC(N=C(O)C3C=C4c5cccc6[nH]c(Br)c(c56)CC4N(C)C3)(C(C)C)C(=O)N12	"""InChI=1S/C32H40BrN5O5/c1-16(2)12-24-29(40)37-11-7-10-25(37)32(42)38(24)30(41)31(43-32,17(3)4)35-28(39)18-13-20-19-8-6-9-22-26(19)21(27(33)34-22)14-23(20)36(5)15-18/h6,8-9,13,16-18,23-25,34,42H,7,10-12,14-15H2,1-5H3,(H,35,39)/t18-,23-,24+,25+,31-,32+/m1/s1"""	N/A	3	Positive	UPDATE-SINGLE-ANNOTATED-BRONZE	Bronze	2387	spectra/specs_ms.pklbin	lib-00011.mgf	0.814913	BERKELEY-LAB	8699.95	369.63699999999994	1.49269	18	0.0009765619999999999	654.229	654.2280000000001	1	spectra/specs_ms.pklbin2387	1		0	0	C32H40BrN5O5	OZVBMTJYIDMWIL-UHFFFAOYSA-N	OZVBMTJYIDMWIL	N/A	N/A	N/A	Tryptophan alkaloids	Ergot alkaloids	Alkaloids
CCMSLIB00000573097	MoNA:3475533 Dehydrocostus lactone	LC-ESI	qTof	Commercial	MoNA	MoNA	M+H	231.138	0.0	1	N/A	N/A	C=C1CCC2C(C3C1CCC3=C)OC(=O)C2=C	InChI=1S/C15H18O2/c1-8-4-7-12-10(3)15(16)17-14(12)13-9(2)5-6-11(8)13/h11-14H,1-7H2/t11-,12-,13-,14-/m0/s1	N/A	3	Positive	UPDATE-SINGLE-ANNOTATED-BRONZE	Bronze	241	spectra/specs_ms.pklbin	lib-00003.mgf	0.927675	MONA	42982.4	215.162	0.0	8	0.0	231.138	231.138	1	spectra/specs_ms.pklbin241	1		0	0	C15H18O2	NETSQGRTUNRXEO-UHFFFAOYSA-N	NETSQGRTUNRXEO	N/A	N/A	N/A	Sesquiterpenoids	Guaiane sesquiterpenoids	Terpenoids
CCMSLIB00008851481	Monensin [M+H]+	LC-ESI	Orbitrap	Commercial	Daniel Petras 	Stilianos Papadopoulos Lambidis	M+H	671.436	0.0	1	 	 	CCC1(CCC(O1)C2(CCC3(O2)CC(C(C(O3)C(C)C(C(C)C(=O)O)OC)C)O)C)C4C(CC(O4)C5C(CC(C(O5)(CO)O)C)C)C	InChI=1S/C36H62O11/c1-10-34(31-20(3)16-26(43-31)28-19(2)15-21(4)36(41,18-37)46-28)12-11-27(44-34)33(8)13-14-35(47-33)17-25(38)22(5)30(45-35)23(6)29(42-9)24(7)32(39)40/h19-31,37-38,41H,10-18H2,1-9H3,(H,39,40)	 	3	Positive	UPDATE-SINGLE-ANNOTATED-BRONZE	Bronze	2424	spectra/specs_ms.pklbin	lib-00045.mgf	0.873144	GNPS-LIBRARY	2875.54	691.7919999999999	0.0	17	0.0	671.436	671.436	1	spectra/specs_ms.pklbin2424	1		0	0	C36H62O11	GAOZTHIDHYLHMS-UHFFFAOYSA-N	GAOZTHIDHYLHMS	N/A	N/A	N/A	Polyethers	Polyether ionophores	Polyketides
CCMSLIB00008851484	Monensin [M+NH4]+	LC-ESI	Orbitrap	Commercial	Daniel Petras	Stilianos Papadopoulos Lambidis	M+NH4	688.463	0.0	1	 	 	CCC1(CCC(O1)C2(CCC3(O2)CC(C(C(O3)C(C)C(C(C)C(=O)O)OC)C)O)C)C4C(CC(O4)C5C(CC(C(O5)(CO)O)C)C)C	InChI=1S/C36H62O11/c1-10-34(31-20(3)16-26(43-31)28-19(2)15-21(4)36(41,18-37)46-28)12-11-27(44-34)33(8)13-14-35(47-33)17-25(38)22(5)30(45-35)23(6)29(42-9)24(7)32(39)40/h19-31,37-38,41H,10-18H2,1-9H3,(H,39,40)	 	3	Positive	UPDATE-SINGLE-ANNOTATED-BRONZE	Bronze	2477	spectra/specs_ms.pklbin	lib-00045.mgf	0.842965	GNPS-LIBRARY	24700.0	598.6469999999999	0.0	23	0.0	688.463	688.4630000000001	1	spectra/specs_ms.pklbin2477	1		0	0	C36H62O11	GAOZTHIDHYLHMS-UHFFFAOYSA-N	GAOZTHIDHYLHMS	N/A	N/A	N/A	Polyethers	Polyether ionophores	Polyketides
CCMSLIB00004691171	COSTUNOLIDE	N/A	ESI-QFT	isolated	MoNA	MoNA:VF-NPL-QEHF000108	[M+H]+	233.154	0.0	1	N/A	N/A	C=C1C(=O)O[C@@H]2/C=C(\C)CCC=C(C)CC[C@@H]12	InChI=1S/C15H20O2/c1-10-5-4-6-11(2)9-14-13(8-7-10)12(3)15(16)17-14/h5,9,13-14H,3-4,6-8H2,1-2H3/b10-5?,11-9+/t13-,14+/m0/s1	N/A	3	positive	UPDATE-SINGLE-ANNOTATED-BRONZE	Bronze	248	spectra/specs_ms.pklbin	lib-00003.mgf	0.8238780000000001	MONA	2524.0	575.38	0.0	7	0.0	233.154	233.15400000000002	1	spectra/specs_ms.pklbin248	1		14	524	C15H20O2	HRYLQFBHBWLLLL-RFXWPVDASA-N	HRYLQFBHBWLLLL	N/A	N/A	N/A	Sesquiterpenoids	Germacrane sesquiterpenoids	Terpenoids
CCMSLIB00006387869	sodium (2S,3R,4S)-4-((2S,7S,8R,9S)-2-((2S,2'R,3'S,5R,5'R)-2-ethyl-5'-((2S,3S,5R,6R)-6-hydroxy-6-(hydroxymethyl)-3,5-dimethyltetrahydro-2H-pyran-2-yl)-3'-methyloctahydro-[2,2'-bifuran]-5-yl)-9-hydroxy- 2,8-dimethyl-1,6-dioxaspiro[4.5]decan-7-yl)-3-methoxy-2 -methylpentanoate	ESI	Orbitrap	Commercial standard	BMDMS-NP	BMDMS-NP	[M+H]+	693.42	692.411	1	N/A	N/A	[Na+].O=C([O-])C(C)C(OC)C(C)C1OC2(OC(C)(CC2)C3OC(CC)(CC3)C4OC(CC4C)C5OC(O)(CO)C(C)CC5C)CC(O)C1C	InChI=1S/C36H62O11.Na/c1-10-34(31-20(3)16-26(43-31)28-19(2)15-21(4)36(41,18-37)46-28)12-11-27(44-34)33(8)13-14-35(47-33)17-25(38)22(5)30(45-35)23(6)29(42-9)24(7)32(39)40;/h19-31,37-38,41H,10-18H2,1-9H3,(H,39,40);/q;+1/p-1	N/A	1	Positive	UPDATE-SINGLE-ANNOTATED-GOLD	Gold	2495	spectra/specs_ms.pklbin	lib-00042.mgf	0.876833	BMDMS-NP	85792.0	599.363	2.8166599999999997	15	0.00195312	693.42	693.418	1	spectra/specs_ms.pklbin2495	1		0	0	N/A	XOIQMTLWECTKJL-UHFFFAOYSA-M	XOIQMTLWECTKJL	N/A	N/A	N/A	N/A	N/A	N/A
CCMSLIB00000001653	Rifamycin S	LC-ESI	qTof	Isolated	Fenical-Jensen-Moore	Max	M+H	696.304	695.297	1	N/A	N/A	N/A	N/A	N/A	1	Positive	UPDATE-SINGLE-ANNOTATED-GOLD	Gold	2513	spectra/specs_ms.pklbin	lib-00045.mgf	0.723956	GNPS-LIBRARY	206928.0	431.99199999999996	2.89264	13	0.00201416	696.304	696.302	1	spectra/specs_ms.pklbin2513	1		9	51	N/A	N/A	N/A	N/A	N/A	N/A	N/A	N/A	N/A
CCMSLIB00000001651	Rifamycin S	LC-ESI	qTof	Isolated	Fenical-Jensen-Moore	Max	M+Na	718.286	695.294	1	N/A	N/A	C[C@H]1/C=C/C=C(\C(=O)NC2=CC(=O)C3=C(C2=O)C(=C(C4=C3C(=O)[C@](O4)(O/C=C/[C@@H]([C@H]([C@H]([C@@H]([C@@H]([C@@H]([C@H]1O)C)O)C)OC(=O)C)C)OC)C)C)O)/C	InChI=1S/C37H45NO12/c1-16-11-10-12-17(2)36(46)38-23-15-24(40)26-27(32(23)44)31(43)21(6)34-28(26)35(45)37(8,50-34)48-14-13-25(47-9)18(3)33(49-22(7)39)20(5)30(42)19(4)29(16)41/h10-16,18-20,25,29-30,33,41-43H,1-9H3,(H,38,46)/b11-10+,14-13+,17-12-/t16-,18+,19+,20+,25-,29-,30+,33+,37-/m0/s1	N/A	1	Positive	UPDATE-SINGLE-ANNOTATED-GOLD	Gold	2603	spectra/specs_ms.pklbin	lib-00045.mgf	0.815401	GNPS-LIBRARY	124351.0	582.549	4.16369	22	0.00299072	718.286	718.283	1	spectra/specs_ms.pklbin2603	1		9	51	C37H45NO12	BTVYFIMKUHNOBZ-ODRIEIDWSA-N	BTVYFIMKUHNOBZ	N/A	N/A	N/A	Macrolides	Ansa macrolides	Polyketides
CCMSLIB00008851467	ADEP_1	LC-ESI	Orbitrap	Isolated	Daniel Petras	Paolo Stincone	M+H	719.376	0.0	1	 	 	O=C([C@@H](NC(/C=C/C=C/C=C/C)=O)CC1=CC=CC=C1)N[C@@H](COC2=O)C(N3[C@H](C(N([C@@H](C)C(N[C@H](C(N4[C@H]2C[C@@H](C)C4)=O)C)=O)C)=O)CCC3)=O	InChI=1S/C38H50N6O8/c1-6-7-8-9-13-18-32(45)40-28(21-27-15-11-10-12-16-27)34(47)41-29-23-52-38(51)31-20-24(2)22-44(31)35(48)25(3)39-33(46)26(4)42(5)37(50)30-17-14-19-43(30)36(29)49/h6-13,15-16,18,24-26,28-31H,14,17,19-23H2,1-5H3,(H,39,46)(H,40,45)(H,41,47)/b7-6+,9-8+,18-13+/t24-,25+,26+,28+,29+,30+,31+/m1/s1	 	3	Positive	UPDATE-SINGLE-ANNOTATED-BRONZE	Bronze	2627	spectra/specs_ms.pklbin	lib-00045.mgf	0.9838399999999999	GNPS-LIBRARY	14545.0	557.4119999999999	0.0	28	0.0	719.376	719.3760000000001	1	spectra/specs_ms.pklbin2627	1		0	0	C38H50N6O8	ZGRSXMWWGUOTAO-VIEJTCJKSA-N	ZGRSXMWWGUOTAO	N/A	N/A	N/A	Oligopeptides	Cyclic peptides|Depsipeptides	Amino acids and Peptides|Polyketides
CCMSLIB00006454103	(7R,9E,11S,12R,13S,14R,15R,16R,17S,18S,19E,21Z)-26-formyl-2,15,17,27,29-pentahydroxy-11-methoxy-3,7,12,14,16,18,22-heptamethyl-6,23-dioxo-8,30-dioxa-24-azatetracyclo[23.3.1.1^{4,7}.0^{5,28}]triaconta-1(28),2,4,9,19,21,25(29),26-octaen-13-yl acetate	ESI	Orbitrap	Commercial standard	BMDMS-NP	BMDMS-NP	[M+Na]+	748.29	725.305	1	N/A	N/A	O=CC=1C(O)=C2C3=C(O)C1NC(=O)C(=CC=CC(C)C(O)C(C)C(O)C(C)C(OC(=O)C)C(C)C(OC)C=COC4(OC(=C2C4=O)C(=C3O)C)C)C	InChI=1S/C38H47NO13/c1-16-11-10-12-17(2)37(48)39-28-23(15-40)32(45)25-26(33(28)46)31(44)21(6)35-27(25)36(47)38(8,52-35)50-14-13-24(49-9)18(3)34(51-22(7)41)20(5)30(43)19(4)29(16)42/h10-16,18-20,24,29-30,34,42-46H,1-9H3,(H,39,48)	N/A	1	Positive	UPDATE-SINGLE-ANNOTATED-GOLD	Gold	2727	spectra/specs_ms.pklbin	lib-00042.mgf	0.8580840000000001	BMDMS-NP	16070.7	693.967	5.383369999999999	14	0.00402832	748.29	748.294	1	spectra/specs_ms.pklbin2727	1		0	0	C38H47NO13	BBNQHOMJRFAQBN-UHFFFAOYSA-N	BBNQHOMJRFAQBN	N/A	N/A	N/A	Macrolides	Ansa macrolides	Polyketides
CCMSLIB00005435824	Contaminant vial septum ThermoFisher C5000-44B	LC-ESI	Orbitrap	Commercial	Dorrestein	 	M+NH4	776.234	0.0	0	 	 	 	 	 	3	Positive	UPDATE-SINGLE-ANNOTATED-BRONZE	Bronze	2810	spectra/specs_ms.pklbin	lib-00045.mgf	0.8466290000000001	GNPS-LIBRARY	1962.21	720.22	1.33671	12	0.0010375999999999999	776.234	776.2330000000001	1	spectra/specs_ms.pklbin2810	1		0	0	N/A	N/A	N/A	N/A	N/A	N/A	N/A	N/A	N/A
CCMSLIB00010106659	Vinblastine sulfate CollisionEnergy:102040	LC-ESI	Orbitrap	Commercial	Trent Northen	JGI	M+H	811.428	0.0	1	N/A	N/A	CCC1(O)CC2CN(CCc3c([nH]c4ccccc34)C(C(=O)OC)C2c2cc3c(cc2OC)N(C)C2C(O)(C(=O)OC)C(OC(C)=O)C4(CC)C=CCN5CCC32C54)C1	"""InChI=1S/C46H58N4O9/c1-8-43(54)23-27-24-49(25-43)19-15-29-28-13-10-11-14-32(28)47-37(29)36(38(52)57-6)35(27)30-21-31-33(22-34(30)56-5)48(4)40-45(31)17-20-50-18-12-16-44(9-2,39(45)50)41(59-26(3)51)46(40,55)42(53)58-7/h10-14,16,21-22,27,35-36,39-41,47,54-55H,8-9,15,17-20,23-25H2,1-7H3/t27-,35+,36?,39-,40+,41+,43-,44+,45+,46-/m0/s1"""	N/A	3	Positive	UPDATE-SINGLE-ANNOTATED-BRONZE	Bronze	2923	spectra/specs_ms.pklbin	lib-00011.mgf	0.945169	BERKELEY-LAB	18483.8	302.884	1.20351	34	0.0009765619999999999	811.428	811.427	1	spectra/specs_ms.pklbin2923	1		0	0	C46H58N4O9	KPPBSXVQPGVPRR-UHFFFAOYSA-N	KPPBSXVQPGVPRR	N/A	N/A	N/A	Tryptophan alkaloids	Aspidosperma type|Aspidosperma-Iboga hybrid type (Vinca alkaloids)	Alkaloids
CCMSLIB00011427947	FORSKOLIN	ESI	Orbitrap	Commercial	Cech	Vicky Anderson	2M+H	821.468	410.23	1	66575-29-9	N/A	CC(=O)OC1C(C2C(CCC(C2(C3(C1(OC(CC3=O)(C)C=C)C)O)C)O)(C)C)O	"""InChI=1S/C22H34O7/c1-8-19(5)11-14(25)22(27)20(6)13(24)9-10-18(3,4)16(20)15(26)17(28-12(2)23)21(22,7)29-19/h8,13,15-17,24,26-27H,1,9-11H2,2-7H3"""	N/A	1	Positive	UPDATE-SINGLE-ANNOTATED-GOLD	Gold	2954	spectra/specs_ms.pklbin	lib-00015.mgf	0.8755569999999999	LEAFBOT	2967.32	554.455	0.0	17	0.0	821.468	821.4680000000001	1	spectra/specs_ms.pklbin2954	1		0	0	C22H34O7	OHCQJHSOBUTRHG-UHFFFAOYSA-N	OHCQJHSOBUTRHG	N/A	N/A	N/A	Diterpenoids	Labdane diterpenoids	Terpenoids
CCMSLIB00009918375	Rifampicin [M+H]+	LC-ESI	Orbitrap	Commercial	Daniel Petras	Paolo Stincone	M+H	823.412	0.0	1	 	 	CC1C=CC=C(C(=O)NC2=C(C(=C3C(=C2O)C(=C(C4=C3C(=O)C(O4)(OC=CC(C(C(C(C(C(C1O)C)O)C)OC(=O)C)C)OC)C)C)O)O)C=NN5CCN(CC5)C)C	InChI=1S/C43H58N4O12/c1-21-12-11-13-22(2)42(55)45-33-28(20-44-47-17-15-46(9)16-18-47)37(52)30-31(38(33)53)36(51)26(6)40-32(30)41(54)43(8,59-40)57-19-14-29(56-10)23(3)39(58-27(7)48)25(5)35(50)24(4)34(21)49/h11-14,19-21,23-25,29,34-35,39,49-53H,15-18H2,1-10H3,(H,45,55)	 	3	Positive	UPDATE-SINGLE-ANNOTATED-BRONZE	Bronze	2964	spectra/specs_ms.pklbin	lib-00045.mgf	0.728341	GNPS-LIBRARY	9386.32	466.221	0.0	11	0.0	823.412	823.4119999999999	1	spectra/specs_ms.pklbin2964	1		0	0	C43H58N4O12	JQXXHWHPUNPDRT-UHFFFAOYSA-N	JQXXHWHPUNPDRT	N/A	N/A	N/A	Macrolides	Ansa macrolides	Polyketides
CCMSLIB00010007504	Vinamidine	LC-ESI	qTof	Isolated	Beniddir/Le Pogam	Sarah Szwarc	M+H	825.407	824.4	1	 	 	CCC(=O)CC1CN(CCc2c([nH]c3ccccc23)C(C1)(C(=O)OC)c1cc2c(cc1OC)N(C)C1C22CCN3CC=CC(CC)(C23)C(OC(C)=O)C1(O)C(=O)OC)C=O	InChI=1/C46H56N4O10/c1-8-29(53)21-28-24-45(41(54)58-6,37-31(15-19-49(25-28)26-51)30-13-10-11-14-34(30)47-37)33-22-32-35(23-36(33)57-5)48(4)39-44(32)17-20-50-18-12-16-43(9-2,38(44)50)40(60-27(3)52)46(39,56)42(55)59-7/h10-14,16,22-23,26,28,38-40,47,56H,8-9,15,17-21,24-25H2,1-7H3	 	3	Positive	UPDATE-SINGLE-ANNOTATED-BRONZE	Bronze	2967	spectra/specs_ms.pklbin	lib-00045.mgf	0.842675	GNPS-LIBRARY	2878.1	402.0	0.0	27	0.0	825.407	825.4069999999999	1	spectra/specs_ms.pklbin2967	1		0	0	C46H56N4O10	AQXVANXWKSPKMX-UHFFFAOYSA-N	AQXVANXWKSPKMX	N/A	N/A	N/A	Tryptophan alkaloids	Aspidosperma type|Aspidosperma-Iboga hybrid type (Vinca alkaloids)	Alkaloids
CCMSLIB00011906186	"""Leukomycin A3, Josamycin"""	ESI	Orbitrap	Isolated	Daniel Petras	"""Christian Geibel, Giovanni Andrea Vitale"""	M+H	828.474	827.467	1	N/A	N/A	CC1CC=CC=CC(C(CC(C(C(C(CC(=O)O1)OC(=O)C)OC)OC2C(C(C(C(O2)C)OC3CC(C(C(O3)C)OC(=O)CC(C)C)(C)O)N(C)C)O)CC=O)C)O	InChI=1S/C42H69NO15/c1-23(2)19-32(47)56-40-27(6)53-34(22-42(40,8)50)57-37-26(5)54-41(36(49)35(37)43(9)10)58-38-29(17-18-44)20-24(3)30(46)16-14-12-13-15-25(4)52-33(48)21-31(39(38)51-11)55-28(7)45/h12-14,16,18,23-27,29-31,34-41,46,49-50H,15,17,19-22H2,1-11H3	N/A	1	Positive	UPDATE-SINGLE-ANNOTATED-GOLD	Gold	2970	spectra/specs_ms.pklbin	lib-00028.mgf	0.9789389999999999	TUEBINGEN-NATURAL-PRODUCT-COLLECTION	8906.62	390.335	0.0	9	0.0	828.474	828.4739999999999	1	spectra/specs_ms.pklbin2970	1		0	0	C42H69NO15	XJSFLOJWULLJQS-UHFFFAOYSA-N	XJSFLOJWULLJQS	N/A	N/A	N/A	Macrolides	Erythromycins	Polyketides
CCMSLIB00004694217	SPIRAMYCIN	N/A	ESI-QFT	isolated	MoNA	MoNA:VF-NPL-QEHF003154	[M+H]+	843.521	0.0	1	N/A	N/A	CO[C@@H]1[C@@H](OC2OC(C)C(OC3CC(C)(O)C(O)C(C)O3)C(N(C)C)C2O)[C@@H](CC=O)C[C@@H](C)[C@@H](OC2CCC(N(C)C)C(C)O2)/C=C/C=C/C[C@@H](C)OC(=O)C[C@H]1O	InChI=1S/C43H74N2O14/c1-24-21-29(19-20-46)39(59-42-37(49)36(45(9)10)38(27(4)56-42)58-35-23-43(6,51)41(50)28(5)55-35)40(52-11)31(47)22-33(48)53-25(2)15-13-12-14-16-32(24)57-34-18-17-30(44(7)8)26(3)54-34/h12-14,16,20,24-32,34-42,47,49-51H,15,17-19,21-23H2,1-11H3/b13-12+,16-14+/t24-,25-,26?,27?,28?,29+,30?,31-,32+,34?,35?,36?,37?,38?,39+,40+,41?,42?,43?/m1/s1	N/A	3	positive	UPDATE-SINGLE-ANNOTATED-BRONZE	Bronze	3009	spectra/specs_ms.pklbin	lib-00003.mgf	0.9872770000000001	MONA	21855.8	232.63299999999998	0.0	14	0.0	843.521	843.5210000000001	1	spectra/specs_ms.pklbin3009	1		0	0	C43H74N2O14	ACTOXUHEUCPTEW-JMRHEKERSA-N	ACTOXUHEUCPTEW	N/A	N/A	N/A	Macrolides	Erythromycins|Tylosins	Polyketides
CCMSLIB00011906443	"""Leukomycin A3, Josamycin"""	ESI	Orbitrap	Isolated	Daniel Petras	"""Giovanni Andrea Vitale, Christian Geibel"""	M+Na	850.456	827.467	1	N/A	N/A	CC1CC=CC=CC(C(CC(C(C(C(CC(=O)O1)OC(=O)C)OC)OC2C(C(C(C(O2)C)OC3CC(C(C(O3)C)OC(=O)CC(C)C)(C)O)N(C)C)O)CC=O)C)O	InChI=1S/C42H69NO15/c1-23(2)19-32(47)56-40-27(6)53-34(22-42(40,8)50)57-37-26(5)54-41(36(49)35(37)43(9)10)58-38-29(17-18-44)20-24(3)30(46)16-14-12-13-15-25(4)52-33(48)21-31(39(38)51-11)55-28(7)45/h12-14,16,18,23-27,29-31,34-41,46,49-50H,15,17,19-22H2,1-11H3	N/A	1	Positive	UPDATE-SINGLE-ANNOTATED-GOLD	Gold	3035	spectra/specs_ms.pklbin	lib-00028.mgf	0.8229290000000001	TUEBINGEN-NATURAL-PRODUCT-COLLECTION	3861.34	394.355	0.0	21	0.0	850.456	850.456	1	spectra/specs_ms.pklbin3035	1		0	0	C42H69NO15	XJSFLOJWULLJQS-UHFFFAOYSA-N	XJSFLOJWULLJQS	N/A	N/A	N/A	Macrolides	Erythromycins	Polyketides
CCMSLIB00004721572	PACLITAXEL	N/A	ESI-QFT	isolated	MoNA	MoNA:VF-NPL-QEHF027991	[M+H]+	854.338	0.0	1	N/A	N/A	CC(=O)O[C@H]1C(=O)[C@]2(C)[C@@H](O)C[C@H]3OC[C@@]3(OC(C)=O)[C@H]2[C@H](OC(=O)c2ccccc2)[C@]2(O)C[C@H](OC(=O)[C@H](O)[C@@H](N=C(O)c3ccccc3)c3ccccc3)C(C)=C1C2(C)C	InChI=1S/C47H51NO14/c1-25-31(60-43(56)36(52)35(28-16-10-7-11-17-28)48-41(54)29-18-12-8-13-19-29)23-47(57)40(61-42(55)30-20-14-9-15-21-30)38-45(6,32(51)22-33-46(38,24-58-33)62-27(3)50)39(53)37(59-26(2)49)34(25)44(47,4)5/h7-21,31-33,35-38,40,51-52,57H,22-24H2,1-6H3,(H,48,54)/t31-,32-,33+,35-,36+,37+,38-,40-,45+,46-,47+/m0/s1	N/A	3	positive	UPDATE-SINGLE-ANNOTATED-BRONZE	Bronze	3044	spectra/specs_ms.pklbin	lib-00003.mgf	0.8666200000000001	MONA	4680.54	565.864	0.0	12	0.0	854.338	854.3380000000001	1	spectra/specs_ms.pklbin3044	1		0	0	C47H51NO14	RCINICONZNJXQF-MZXODVADSA-N	RCINICONZNJXQF	N/A	N/A	N/A	Diterpenoids	Taxane diterpenoids|Tetracyclic diterpenoids	Terpenoids
CCMSLIB00008851499	Spiramycin [M+Na]+	LC-ESI	Orbitrap	Commercial	Daniel Petras	Stilianos Papadopoulos Lambidis	M+Na	865.503	0.0	1	 	 	CC1CC=CC=CC(C(CC(C(C(C(CC(=O)O1)O)OC)OC2C(C(C(C(O2)C)OC3CC(C(C(O3)C)O)(C)O)N(C)C)O)CC=O)C)OC4CCC(C(O4)C)N(C)C	InChI=1S/C43H74N2O14/c1-24-21-29(19-20-46)39(59-42-37(49)36(45(9)10)38(27(4)56-42)58-35-23-43(6,51)41(50)28(5)55-35)40(52-11)31(47)22-33(48)53-25(2)15-13-12-14-16-32(24)57-34-18-17-30(44(7)8)26(3)54-34/h12-14,16,20,24-32,34-42,47,49-51H,15,17-19,21-23H2,1-11H3	 	3	Positive	UPDATE-SINGLE-ANNOTATED-BRONZE	Bronze	3068	spectra/specs_ms.pklbin	lib-00045.mgf	0.828392	GNPS-LIBRARY	7774.86	231.99200000000002	0.0	17	0.0	865.503	865.503	1	spectra/specs_ms.pklbin3068	1		0	0	C43H74N2O14	ACTOXUHEUCPTEW-UHFFFAOYSA-N	ACTOXUHEUCPTEW	N/A	N/A	N/A	Macrolides	Erythromycins|Tylosins	Polyketides
CCMSLIB00008851483	Paclitaxel [M+Na]+	LC-ESI	Orbitrap	Commercial	Daniel Petras 	Stilianos Papadopoulos Lambidis	M+Na	876.32	0.0	1	 	 	CC1=C2C(C(=O)C3(C(CC4C(C3C(C(C2(C)C)(CC1OC(=O)C(C(C5=CC=CC=C5)NC(=O)C6=CC=CC=C6)O)O)OC(=O)C7=CC=CC=C7)(CO4)OC(=O)C)O)C)OC(=O)C	InChI=1S/C47H51NO14/c1-25-31(60-43(56)36(52)35(28-16-10-7-11-17-28)48-41(54)29-18-12-8-13-19-29)23-47(57)40(61-42(55)30-20-14-9-15-21-30)38-45(6,32(51)22-33-46(38,24-58-33)62-27(3)50)39(53)37(59-26(2)49)34(25)44(47,4)5/h7-21,31-33,35-38,40,51-52,57H,22-24H2,1-6H3,(H,48,54)	 	3	Positive	UPDATE-SINGLE-ANNOTATED-BRONZE	Bronze	3074	spectra/specs_ms.pklbin	lib-00045.mgf	0.904072	GNPS-LIBRARY	5776.08	565.941	0.0	20	0.0	876.32	876.32	1	spectra/specs_ms.pklbin3074	1		0	0	C47H51NO14	RCINICONZNJXQF-UHFFFAOYSA-N	RCINICONZNJXQF	N/A	N/A	N/A	Diterpenoids	Taxane diterpenoids|Tetracyclic diterpenoids	Terpenoids
CCMSLIB00004721629	ABAMECTIN	N/A	ESI-QFT	isolated	MoNA	MoNA:VF-NPL-QEHF028048	[M+NH4]+	890.526	0.0	1	N/A	N/A	CC[C@H](C)[C@H]1O[C@]2(C=C[C@@H]1C)C[C@@H]1C[C@@H](C/C=C(\C)[C@@H](O[C@H]3C[C@H](OC)[C@@H](O[C@H]4C[C@H](OC)[C@@H](O)[C@H](C)O4)[C@H](C)O3)[C@@H](C)/C=C/C=C3\CO[C@@H]4[C@H](O)C(C)=C[C@@H](C(=O)O1)[C@]34O)O2	InChI=1S/C48H72O14/c1-11-25(2)43-28(5)17-18-47(62-43)23-34-20-33(61-47)16-15-27(4)42(26(3)13-12-14-32-24-55-45-40(49)29(6)19-35(46(51)58-34)48(32,45)52)59-39-22-37(54-10)44(31(8)57-39)60-38-21-36(53-9)41(50)30(7)56-38/h12-15,17-19,25-26,28,30-31,33-45,49-50,52H,11,16,20-24H2,1-10H3/b13-12+,27-15+,32-14+/t25-,26-,28-,30-,31-,33+,34-,35-,36-,37-,38-,39-,40+,41-,42-,43+,44-,45+,47+,48+/m0/s1	N/A	3	positive	UPDATE-SINGLE-ANNOTATED-BRONZE	Bronze	3086	spectra/specs_ms.pklbin	lib-00003.mgf	0.8831120000000001	MONA	2895.84	639.944	0.0	10	0.0	890.526	890.5260000000001	1	spectra/specs_ms.pklbin3086	1		0	0	C48H72O14	RRZXIRBKKLTSOM-XPNPUAGNSA-N	RRZXIRBKKLTSOM	N/A	N/A	N/A	Macrolides	Avermectins	Polyketides
CCMSLIB00004721623	ABAMECTIN	N/A	ESI-QFT	isolated	MoNA	MoNA:VF-NPL-QEHF028042	[M+Na]+	895.481	0.0	1	N/A	N/A	CC[C@H](C)[C@H]1O[C@]2(C=C[C@@H]1C)C[C@@H]1C[C@@H](C/C=C(\C)[C@@H](O[C@H]3C[C@H](OC)[C@@H](O[C@H]4C[C@H](OC)[C@@H](O)[C@H](C)O4)[C@H](C)O3)[C@@H](C)/C=C/C=C3\CO[C@@H]4[C@H](O)C(C)=C[C@@H](C(=O)O1)[C@]34O)O2	InChI=1S/C48H72O14/c1-11-25(2)43-28(5)17-18-47(62-43)23-34-20-33(61-47)16-15-27(4)42(26(3)13-12-14-32-24-55-45-40(49)29(6)19-35(46(51)58-34)48(32,45)52)59-39-22-37(54-10)44(31(8)57-39)60-38-21-36(53-9)41(50)30(7)56-38/h12-15,17-19,25-26,28,30-31,33-45,49-50,52H,11,16,20-24H2,1-10H3/b13-12+,27-15+,32-14+/t25-,26-,28-,30-,31-,33+,34-,35-,36-,37-,38-,39-,40+,41-,42-,43+,44-,45+,47+,48+/m0/s1	N/A	3	positive	UPDATE-SINGLE-ANNOTATED-BRONZE	Bronze	3089	spectra/specs_ms.pklbin	lib-00003.mgf	0.8329780000000001	MONA	2904.19	639.535	0.0	28	0.0	895.481	895.4810000000001	1	spectra/specs_ms.pklbin3089	1		0	0	C48H72O14	RRZXIRBKKLTSOM-XPNPUAGNSA-N	RRZXIRBKKLTSOM	N/A	N/A	N/A	Macrolides	Avermectins	Polyketides
CCMSLIB00008851479	Rapamycin [M+NH4]+	LC-ESI	Orbitrap	Commercial	Daniel Petras	Stilianos Papadopoulos Lambidis	M+NH4	931.589	0.0	1	 	 	CC1CCC2CC(C(=CC=CC=CC(CC(C(=O)C(C(C(=CC(C(=O)CC(OC(=O)C3CCCCN3C(=O)C(=O)C1(O2)O)C(C)CC4CCC(C(C4)OC)O)C)C)O)OC)C)C)C)OC	InChI=1S/C51H79NO13/c1-30-16-12-11-13-17-31(2)42(61-8)28-38-21-19-36(7)51(60,65-38)48(57)49(58)52-23-15-14-18-39(52)50(59)64-43(33(4)26-37-20-22-40(53)44(27-37)62-9)29-41(54)32(3)25-35(6)46(56)47(63-10)45(55)34(5)24-30/h11-13,16-17,25,30,32-34,36-40,42-44,46-47,53,56,60H,14-15,18-24,26-29H2,1-10H3	 	3	Positive	UPDATE-SINGLE-ANNOTATED-BRONZE	Bronze	3111	spectra/specs_ms.pklbin	lib-00045.mgf	0.886186	GNPS-LIBRARY	7869.3	612.9169999999999	0.0	27	0.0	931.589	931.5889999999999	1	spectra/specs_ms.pklbin3111	1		0	0	C51H79NO13	QFJCIRLUMZQUOT-UHFFFAOYSA-N	QFJCIRLUMZQUOT	N/A	N/A	N/A	Macrolides	Ascomycins and Rapamycins	Polyketides
CCMSLIB00010110635	Rapamycin CollisionEnergy:102040	LC-ESI	Orbitrap	Commercial	Trent Northen	JGI	M+Na	936.544	0.0	1	N/A	N/A	COC1CC2CCC(C)C(O)(O2)C(=O)C(=O)N2CCCCC2C(=O)OC(C(C)CC2CCC(O)C(OC)C2)CC(=O)C(C)C=C(C)C(O)C(OC)C(=O)C(C)CC(C)C=CC=CC=C1C	"""InChI=1S/C51H79NO13/c1-30-16-12-11-13-17-31(2)42(61-8)28-38-21-19-36(7)51(60,65-38)48(57)49(58)52-23-15-14-18-39(52)50(59)64-43(33(4)26-37-20-22-40(53)44(27-37)62-9)29-41(54)32(3)25-35(6)46(56)47(63-10)45(55)34(5)24-30/h11-13,16-17,25,30,32-34,36-40,42-44,46-47,53,56,60H,14-15,18-24,26-29H2,1-10H3/b13-11+,16-12+,31-17+,35-25+/t30-,32-,33-,34-,36-,37+,38+,39+,40-,42?,43+,44-,46-,47+,51-/m1/s1"""	N/A	3	Positive	UPDATE-SINGLE-ANNOTATED-BRONZE	Bronze	3112	spectra/specs_ms.pklbin	lib-00011.mgf	0.9220229999999999	BERKELEY-LAB	11780.7	610.375	0.0	32	0.0	936.544	936.544	1	spectra/specs_ms.pklbin3112	1		0	0	C51H79NO13	QFJCIRLUMZQUOT-UHFFFAOYSA-N	QFJCIRLUMZQUOT	N/A	N/A	N/A	Macrolides	Ascomycins and Rapamycins	Polyketides
CCMSLIB00000424738	MS_Contaminant_Sodium_Formate_Cluster	LC-ESI	qTof	Crude	PDorrestein	AMelnik	M+H	1042.8	68.007	0	 	 	 	 	 	3	Positive	UPDATE-SINGLE-ANNOTATED-BRONZE	Bronze	3143	spectra/specs_ms.pklbin	lib-00045.mgf	0.7194	GNPS-LIBRARY	60981.2	710.057	0.9364809999999999	8	0.0009765619999999999	1042.8	1042.8	1	spectra/specs_ms.pklbin3143	1	Common MS contaminant[Experimental Artifact]	146	13719	N/A	N/A	N/A	N/A	N/A	N/A	N/A	N/A	N/A
CCMSLIB00008851473	Fidaxomycin [M+NH4]+	LC-ESI	Orbitrap	Commercial	Daniel Petras	Paolo Stincone	M+NH4	1074.46	0.0	1	 	 	CCC1C=C(C(CC=CC=C(C(=O)OC(CC=C(C=C(C1OC2C(C(C(C(O2)(C)C)OC(=O)C(C)C)O)O)C)C)C(C)O)COC3C(C(C(C(O3)C)OC(=O)C4=C(C(=C(C(=C4O)Cl)O)Cl)CC)O)OC)O)C	InChI=1S/C52H74Cl2O18/c1-13-30-22-26(6)33(56)18-16-15-17-31(23-66-51-45(65-12)42(61)44(29(9)67-51)69-49(64)35-32(14-2)36(53)39(58)37(54)38(35)57)48(63)68-34(28(8)55)20-19-25(5)21-27(7)43(30)70-50-41(60)40(59)46(52(10,11)72-50)71-47(62)24(3)4/h15-17,19,21-22,24,28-30,33-34,40-46,50-51,55-61H,13-14,18,20,23H2,1-12H3	 	3	Positive	UPDATE-SINGLE-ANNOTATED-BRONZE	Bronze	3144	spectra/specs_ms.pklbin	lib-00045.mgf	0.907061	GNPS-LIBRARY	5721.15	584.398	0.9088870000000001	9	0.0009765619999999999	1074.46	1074.46	1	spectra/specs_ms.pklbin3144	1		0	0	C52H74Cl2O18	ZVGNESXIJDCBKN-UHFFFAOYSA-N	ZVGNESXIJDCBKN	N/A	N/A	N/A	Macrolides	Ansa macrolides	Polyketides
CCMSLIB00008851474	Fidaxomycin [M+Na]+	LC-ESI	Orbitrap	Commercial	Daniel Petras	Paolo Stincone	M+H	1079.41	0.0	1	 	 	CCC1C=C(C(CC=CC=C(C(=O)OC(CC=C(C=C(C1OC2C(C(C(C(O2)(C)C)OC(=O)C(C)C)O)O)C)C)C(C)O)COC3C(C(C(C(O3)C)OC(=O)C4=C(C(=C(C(=C4O)Cl)O)Cl)CC)O)OC)O)C	InChI=1S/C52H74Cl2O18/c1-13-30-22-26(6)33(56)18-16-15-17-31(23-66-51-45(65-12)42(61)44(29(9)67-51)69-49(64)35-32(14-2)36(53)39(58)37(54)38(35)57)48(63)68-34(28(8)55)20-19-25(5)21-27(7)43(30)70-50-41(60)40(59)46(52(10,11)72-50)71-47(62)24(3)4/h15-17,19,21-22,24,28-30,33-34,40-46,50-51,55-61H,13-14,18,20,23H2,1-12H3	 	3	Positive	UPDATE-SINGLE-ANNOTATED-BRONZE	Bronze	3149	spectra/specs_ms.pklbin	lib-00045.mgf	0.793133	GNPS-LIBRARY	3849.07	590.004	3.6188800000000003	26	0.00390625	1079.41	1079.41	1	spectra/specs_ms.pklbin3149	1		0	0	C52H74Cl2O18	ZVGNESXIJDCBKN-UHFFFAOYSA-N	ZVGNESXIJDCBKN	N/A	N/A	N/A	Macrolides	Ansa macrolides	Polyketides
CCMSLIB00000006352	Doxorubacin	LC-ESI	qTof	Isolated	Sirenas	Ed Esquenazi 	M+H	1087.36	543.174	1	N/A	N/A	C[C@H]1[C@H]([C@H](C[C@@H](O1)O[C@H]2C[C@@](CC3=C2C(=C4C(=C3O)C(=O)C5=C(C4=O)C(=CC=C5)OC)O)(C(=O)CO)O)N)O	InChI=1S/C27H29NO11/c1-10-22(31)13(28)6-17(38-10)39-15-8-27(36,16(30)9-29)7-12-19(15)26(35)21-20(24(12)33)23(32)11-4-3-5-14(37-2)18(11)25(21)34/h3-5,10,13,15,17,22,29,31,33,35-36H,6-9,28H2,1-2H3/t10-,13-,15-,17-,22+,27-/m0/s1	N/A	3	Positive	UPDATE-SINGLE-ANNOTATED-BRONZE	Bronze	3151	spectra/specs_ms.pklbin	lib-00005.mgf	0.751088	GNPS-SELLECKCHEM-FDA-PART1	1985.32	291.10200000000003	4.60278	9	0.00500488	1087.36	1087.35	1	spectra/specs_ms.pklbin3151	1		1	1	C27H29NO11	AOJJSUZBOXZQNB-TZSSRYMLSA-N	AOJJSUZBOXZQNB	N/A	N/A	N/A	Polycyclic aromatic polyketides	Anthracyclines	Polyketides
CCMSLIB00000424740	Sodium Formate	LC-ESI	qTof	Crude	PDorrestein	AMelnik	M+H	1110.78	68.007	0	 	 	 	 	 	3	Positive	UPDATE-SINGLE-ANNOTATED-BRONZE	Bronze	3155	spectra/specs_ms.pklbin	lib-00045.mgf	0.708391	GNPS-LIBRARY	56985.6	722.7439999999999	7.14324	8	0.00793457	1110.78	1110.79	1	spectra/specs_ms.pklbin3155	1		0	0	N/A	N/A	N/A	N/A	N/A	N/A	N/A	N/A	N/A
CCMSLIB00000424742	Sodium Formate	LC-ESI	qTof	Crude	PDorrestein	AMelnik	M+H	1178.77	68.007	0	 	 	 	 	 	3	Positive	UPDATE-SINGLE-ANNOTATED-BRONZE	Bronze	3159	spectra/specs_ms.pklbin	lib-00045.mgf	0.826247	GNPS-LIBRARY	56974.9	724.995	5.07431	9	0.00598145	1178.77	1178.78	1	spectra/specs_ms.pklbin3159	1		0	0	N/A	N/A	N/A	N/A	N/A	N/A	N/A	N/A	N/A
CCMSLIB00011906199	Damsin	ESI	Orbitrap	Isolated	Daniel Petras	"""Christian Geibel, Giovanni Andrea Vitale"""	M+H	249.149	248.141	1	N/A	N/A	CC1CCC2C(C3(C1CCC3=O)C)OC(=O)C2=C	InChI=1S/C15H20O3/c1-8-4-5-10-9(2)14(17)18-13(10)15(3)11(8)6-7-12(15)16/h8,10-11,13H,2,4-7H2,1,3H3	N/A	1	Positive	UPDATE-SINGLE-ANNOTATED-GOLD	Gold	316	spectra/specs_ms.pklbin	lib-00028.mgf	0.796475	TUEBINGEN-NATURAL-PRODUCT-COLLECTION	5981.31	473.031	4.04208	8	0.00100708	249.149	249.148	1	spectra/specs_ms.pklbin316	1		0	0	C15H20O3	HPJYKMSFRBJOSW-UHFFFAOYSA-N	HPJYKMSFRBJOSW	N/A	N/A	N/A	Sesquiterpenoids	Pseudoguaiane sesquiterpenoids	Terpenoids
CCMSLIB00010109865	cyclosporine CollisionEnergy:102040	LC-ESI	Orbitrap	Commercial	Trent Northen	JGI	M+Na	1224.83	0.0	1	N/A	N/A	CC=CCC(C)C(O)C1C(O)=NC(CC)C(=O)N(C)CC(=O)N(C)C(CC(C)C)C(O)=NC(C(C)C)C(=O)N(C)C(CC(C)C)C(O)=NC(C)C(O)=NC(C)C(=O)N(C)C(CC(C)C)C(=O)N(C)C(CC(C)C)C(=O)N(C)C(C(C)C)C(=O)N1C	"""InChI=1S/C62H111N11O12/c1-25-27-28-40(15)52(75)51-56(79)65-43(26-2)58(81)67(18)33-48(74)68(19)44(29-34(3)4)55(78)66-49(38(11)12)61(84)69(20)45(30-35(5)6)54(77)63-41(16)53(76)64-42(17)57(80)70(21)46(31-36(7)8)59(82)71(22)47(32-37(9)10)60(83)72(23)50(39(13)14)62(85)73(51)24/h25,27,34-47,49-52,75H,26,28-33H2,1-24H3,(H,63,77)(H,64,76)(H,65,79)(H,66,78)/b27-25+/t40-,41?,42-,43?,44?,45?,46?,47?,49?,50?,51?,52-/m1/s1"""	N/A	3	Positive	UPDATE-SINGLE-ANNOTATED-BRONZE	Bronze	3163	spectra/specs_ms.pklbin	lib-00011.mgf	0.893956	BERKELEY-LAB	24338.9	631.664	0.896968	52	0.00109863	1224.83	1224.83	1	spectra/specs_ms.pklbin3163	1		0	0	C62H111N11O12	PMATZTZNYRCHOR-UHFFFAOYSA-N	PMATZTZNYRCHOR	N/A	N/A	N/A	Oligopeptides	Cyclic peptides	Amino acids and Peptides
CCMSLIB00008851501	Negamycin [M+H]+	LC-ESI	Orbitrap	Commercial	Daniel Petras	Stilianos Papadopoulos Lambidis	M+H	249.156	0.0	1	 	 	CN(CC(=O)O)NC(=O)CC(CC(CN)O)N	InChI=1S/C9H20N4O4/c1-13(5-9(16)17)12-8(15)3-6(11)2-7(14)4-10/h6-7,14H,2-5,10-11H2,1H3,(H,12,15)(H,16,17)	 	3	Positive	UPDATE-SINGLE-ANNOTATED-BRONZE	Bronze	318	spectra/specs_ms.pklbin	lib-00045.mgf	0.95873	GNPS-LIBRARY	26801.6	32.4713	0.0	10	0.0	249.156	249.15599999999998	1	spectra/specs_ms.pklbin318	1		0	0	C9H20N4O4	IKHFJPZQZVMLRH-UHFFFAOYSA-N	IKHFJPZQZVMLRH	N/A	N/A	N/A	Small peptides	Aminoacids	Amino acids and Peptides
CCMSLIB00003139127	Spectral Match to 2,4,6-Triallyloxy-1,3,5-triazine from NIST14	ESI	qTof	Isolated	Data from Piel	Data deposited by eriche	M+H	250.118	249.111	1	101371	N/A	C=CCOC1=NC(=NC(=N1)OCC=C)OCC=C	InChI=1S/C12H15N3O3/c1-4-7-16-10-13-11(17-8-5-2)15-12(14-10)18-9-6-3/h4-6H,1-3,7-9H2	N/A	3	Positive	UPDATE-SINGLE-ANNOTATED-BRONZE	Bronze	324	spectra/specs_ms.pklbin	lib-00018.mgf	0.933581	GNPS-NIST14-MATCHES	2843.14	552.3969999999999	4.02642	6	0.00100708	250.118	250.11900000000003	1	spectra/specs_ms.pklbin324	1		45	1611	C12H15N3O3	BJELTSYBAHKXRW-UHFFFAOYSA-N	BJELTSYBAHKXRW	N/A	N/A	N/A			
CCMSLIB00005767366	Massbank:NA002892 Daidzein|7-hydroxy-3-(4-hydroxyphenyl)chromen-4-one	ESI	Hybrid FT	Isolated	Massbank	Massbank	M+H	255.065	0.0	1	486-66-8	N/A	c1cc(ccc1c2coc3cc(ccc3c2=O)O)O	1S/C15H10O4/c16-10-3-1-9(2-4-10)13-8-19-14-7-11(17)5-6-12(14)15(13)18/h1-8,16-17H	N/A	3	Positive	UPDATE-SINGLE-ANNOTATED-BRONZE	Bronze	403	spectra/specs_ms.pklbin	lib-00050.mgf	0.9017	MASSBANK	11331.3	338.81800000000004	0.0	6	0.0	255.065	255.065	1	spectra/specs_ms.pklbin403	1		0	0	C15H10O4	ZQSIJRDFPHDXIC-UHFFFAOYSA-N	ZQSIJRDFPHDXIC	N/A	N/A	N/A	Isoflavonoids	Isoflavones	Shikimates and Phenylpropanoids
CCMSLIB00003139755	Spectral Match to Palmitelaidic acid from NIST14	ESI	HCD	Isolated	Data from Wolfender/Litaudon	Data deposited by pmallard	M+H	255.232	0.0	1	10030736	N/A	N/A	N/A	N/A	3	Positive	UPDATE-SINGLE-ANNOTATED-BRONZE	Bronze	412	spectra/specs_ms.pklbin	lib-00018.mgf	0.873942	GNPS-NIST14-MATCHES	1747.62	606.595	0.0	6	0.0	255.232	255.232	1	spectra/specs_ms.pklbin412	1		77	4549	N/A	N/A	N/A	N/A	N/A	N/A	N/A	N/A	N/A
CCMSLIB00003135927	Spectral Match to Palmitamide from NIST14	ESI	HCD	Isolated	Data from Pieter Dorrestein	Data deposited by lfnothias	M+H	256.262	0.0	1	629549	N/A	N/A	N/A	N/A	3	Positive	UPDATE-SINGLE-ANNOTATED-BRONZE	Bronze	416	spectra/specs_ms.pklbin	lib-00018.mgf	0.9963200000000001	GNPS-NIST14-MATCHES	2990.84	647.415	3.9298800000000003	11	0.00100708	256.262	256.263	1	spectra/specs_ms.pklbin416	1		101	5204	N/A	N/A	N/A	N/A	N/A	N/A	N/A	N/A	N/A
CCMSLIB00003134561	Spectral Match to Pentadecanoic acid, 14-methyl- from NIST14	ESI	qTof	Isolated	Data from Gabriel Haddad	Data deposited by mjmeehan	M+H	257.247	256.24	1	4669027	N/A	CC(C)CCCCCCCCCCCCC(=O)O	InChI=1S/C16H32O2/c1-15(2)13-11-9-7-5-3-4-6-8-10-12-14-16(17)18/h15H,3-14H2,1-2H3,(H,17,18)	N/A	3	Positive	UPDATE-SINGLE-ANNOTATED-BRONZE	Bronze	423	spectra/specs_ms.pklbin	lib-00018.mgf	0.981276	GNPS-NIST14-MATCHES	45843.3	4.589119999999999	0.0	6	0.0	257.247	257.247	1	spectra/specs_ms.pklbin423	1		2	268	C16H32O2	ZONJATNKKGGVSU-UHFFFAOYSA-N	ZONJATNKKGGVSU	N/A	N/A	N/A	Fatty Acids and Conjugates	Branched fatty acids	Fatty acids
CCMSLIB00003137189	Spectral Match to Tributyl phosphate from NIST14	ESI	QqQ	Isolated	Data from Wolfender/Litaudon	Data deposited by pmallard	M+H	267.172	0.0	1	126738	N/A	N/A	N/A	N/A	3	Positive	UPDATE-SINGLE-ANNOTATED-BRONZE	Bronze	450	spectra/specs_ms.pklbin	lib-00018.mgf	0.946119	GNPS-NIST14-MATCHES	2945.16	590.928	0.0	6	0.0	267.172	267.172	1	spectra/specs_ms.pklbin450	1		99	4456	N/A	N/A	N/A	N/A	N/A	N/A	N/A	N/A	N/A
CCMSLIB00000479768	Genistein-CDM-BAW-AED	LC-ESI	qTof	Commercial	DAS	Oman	M+H	271.06	0.0	1	 	 	 	 	 	3	Positive	UPDATE-SINGLE-ANNOTATED-BRONZE	Bronze	474	spectra/specs_ms.pklbin	lib-00045.mgf	0.802249	GNPS-LIBRARY	8622.52	404.96	0.0	6	0.0	271.06	271.06	1	spectra/specs_ms.pklbin474	1		10	429	N/A	N/A	N/A	N/A	N/A	N/A	N/A	N/A	N/A
CCMSLIB00005761025	Massbank:LU030804 Lauryldiethanolamine|2-[dodecyl(2-hydroxyethyl)amino]ethanol	ESI	Hybrid FT	Isolated	Massbank	Massbank	M+H	274.274	0.0	1	1541-67-9	N/A	CCCCCCCCCCCCN(CCO)CCO	1S/C16H35NO2/c1-2-3-4-5-6-7-8-9-10-11-12-17(13-15-18)14-16-19/h18-19H,2-16H2,1H3	N/A	3	Positive	UPDATE-SINGLE-ANNOTATED-BRONZE	Bronze	486	spectra/specs_ms.pklbin	lib-00050.mgf	0.9530790000000001	MASSBANK	154806.0	418.47	0.0	8	0.0	274.274	274.274	1	spectra/specs_ms.pklbin486	1		0	0	C16H35NO2	NKFNBVMJTSYZDV-UHFFFAOYSA-N	NKFNBVMJTSYZDV	N/A	N/A	N/A	Fatty acyls|Fatty amides	Fatty alcohols|N-acyl ethanolamines (endocannabinoids)	Fatty acids
CCMSLIB00003138727	Spectral Match to Dibutyl phthalate from NIST14	ESI	QqQ	Isolated	Data from Pieter Dorrestein	Data deposited by lfnothias	M+H	279.158	0.0	1	84742	N/A	N/A	N/A	N/A	3	Positive	UPDATE-SINGLE-ANNOTATED-BRONZE	Bronze	499	spectra/specs_ms.pklbin	lib-00018.mgf	0.907593	GNPS-NIST14-MATCHES	2979.71	615.245	3.60756	6	0.00100708	279.158	279.159	1	spectra/specs_ms.pklbin499	1		173	12933	N/A	N/A	N/A	N/A	N/A	N/A	N/A	N/A	N/A
CCMSLIB00003134504	Spectral Match to 2-Butanone, 4-(2,6,6-trimethyl-2-cyclohexen-1-yl)- from NIST14	ESI	qTof	Isolated	Data from Wolfender/Litaudon	Data deposited by pmallard	M+H-H2O	177.164	194.167	1	31499726	N/A	CC1=CCCC(C1CCC(=O)C)(C)C	InChI=1S/C13H22O/c1-10-6-5-9-13(3,4)12(10)8-7-11(2)14/h6,12H,5,7-9H2,1-4H3	N/A	3	Positive	UPDATE-SINGLE-ANNOTATED-BRONZE	Bronze	50	spectra/specs_ms.pklbin	lib-00018.mgf	0.9375690000000001	GNPS-NIST14-MATCHES	4000.0	434.726	0.0	6	0.0	177.164	177.16400000000002	1	spectra/specs_ms.pklbin50	1		48	3784	C13H22O	JHJCHCSUEGPIGE-UHFFFAOYSA-N	JHJCHCSUEGPIGE	N/A	N/A	N/A	Apocarotenoids	Apocarotenoids(Îµ-)	Terpenoids
CCMSLIB00003135493	Spectral Match to 9-Octadecenamide, (Z)- from NIST14	ESI	qTof	Isolated	Data from Wolfender/Litaudon	Data deposited by pmallard	M+H	282.279	281.272	1	301020	N/A	CCCCCCCC/C=C\CCCCCCCC(=O)N	InChI=1S/C18H35NO/c1-2-3-4-5-6-7-8-9-10-11-12-13-14-15-16-17-18(19)20/h9-10H,2-8,11-17H2,1H3,(H2,19,20)/b10-9-	N/A	3	Positive	UPDATE-SINGLE-ANNOTATED-BRONZE	Bronze	507	spectra/specs_ms.pklbin	lib-00018.mgf	0.8813709999999999	GNPS-NIST14-MATCHES	5426.65	603.6469999999999	0.0	7	0.0	282.279	282.279	1	spectra/specs_ms.pklbin507	1		157	10649	C18H35NO	FATBGEAMYMYZAF-KTKRTIGZSA-N	FATBGEAMYMYZAF	N/A	N/A	N/A	Fatty amides	Primary amides	Fatty acids
CCMSLIB00009918376	Terbinafine [M+H]+	LC-ESI	Orbitrap	Commercial	Daniel Petras	Paolo Stincone	M+H	292.206	0.0	1	 	 	CC(C)(C)C#CC=CCN(C)CC1=CC=CC2=CC=CC=C21	InChI=1S/C21H25N/c1-21(2,3)15-8-5-9-16-22(4)17-19-13-10-12-18-11-6-7-14-20(18)19/h5-7,9-14H,16-17H2,1-4H3	 	3	Positive	UPDATE-SINGLE-ANNOTATED-BRONZE	Bronze	629	spectra/specs_ms.pklbin	lib-00045.mgf	0.9929530000000001	GNPS-LIBRARY	81895.6	388.681	0.0	9	0.0	292.206	292.20599999999996	1	spectra/specs_ms.pklbin629	1		0	0	C5H12	DOMXUEMWDBAQBQ-UHFFFAOYSA-N	DOMXUEMWDBAQBQ	N/A	N/A	N/A	Fatty acyls	Hydrocarbons	Fatty acids
CCMSLIB00000005028	TerbinafineHCl	LC-ESI	qTof	Isolated	Sirenas	Ed Esquenazi 	M+H	293.21	327.175	1	N/A	N/A	CC(C)(C)C#C/C=C/CN(C)CC1=CC=CC2=CC=CC=C21.Cl	InChI=1S/C21H25N.ClH/c1-21(2,3)15-8-5-9-16-22(4)17-19-13-10-12-18-11-6-7-14-20(18)19;/h5-7,9-14H,16-17H2,1-4H3;1H/b9-5+;	N/A	3	Positive	UPDATE-SINGLE-ANNOTATED-BRONZE	Bronze	639	spectra/specs_ms.pklbin	lib-00005.mgf	0.91338	GNPS-SELLECKCHEM-FDA-PART1	1991.33	410.19300000000004	3.33059	6	0.0009765619999999999	293.21	293.209	1	spectra/specs_ms.pklbin639	1		0	0	C5H12	BWMISRWJRUSYEX-SZKNIZGXSA-N	BWMISRWJRUSYEX	N/A	N/A	N/A	Fatty acyls	Hydrocarbons	Fatty acids
CCMSLIB00003137637	Spectral Match to 1-Hexadecylpyridinium from NIST14	ESI	QqQ	Isolated	Data from Pieter Dorrestein	Data deposited by lfnothias	Cat	304.299	0.0	1	7773526	N/A	N/A	N/A	N/A	3	Positive	UPDATE-SINGLE-ANNOTATED-BRONZE	Bronze	751	spectra/specs_ms.pklbin	lib-00018.mgf	0.961226	GNPS-NIST14-MATCHES	70807.3	643.9490000000001	3.20922	6	0.0009765619999999999	304.299	304.3	1	spectra/specs_ms.pklbin751	1		12	237	N/A	N/A	N/A	N/A	N/A	N/A	N/A	N/A	N/A
CCMSLIB00004699027	1,4a-dimethyl-9-oxo-7-propan-2-yl-3,4,10,10a-tetrahydro-2H-phenanthrene-1-carboxylic acid	N/A	ESI-QFT	isolated	MoNA	MoNA:VF-NPL-QEHF007964	[M+H]+	315.195	0.0	1	N/A	N/A	CC(C)c1ccc2c(c1)C(=O)CC1C(C)(C(=O)O)CCCC21C	InChI=1S/C20H26O3/c1-12(2)13-6-7-15-14(10-13)16(21)11-17-19(15,3)8-5-9-20(17,4)18(22)23/h6-7,10,12,17H,5,8-9,11H2,1-4H3,(H,22,23)	N/A	3	positive	UPDATE-SINGLE-ANNOTATED-BRONZE	Bronze	852	spectra/specs_ms.pklbin	lib-00003.mgf	0.9418129999999999	MONA	3000.0	589.594	0.0	13	0.0	315.195	315.195	1	spectra/specs_ms.pklbin852	1		5	85	C20H26O3	MSWJSDLNPCSSNW-UHFFFAOYSA-N	MSWJSDLNPCSSNW	N/A	N/A	N/A	Diterpenoids	Podocarpane diterpenoids	Terpenoids
CCMSLIB00004691890	Dechlorogriseofulvin	N/A	ESI-QFT	isolated	MoNA	MoNA:VF-NPL-QEHF000827	[M+H]+	319.118	0.0	1	N/A	N/A	COC1=CC(=O)CC(C)C12Oc1cc(OC)cc(OC)c1C2=O	InChI=1S/C17H18O6/c1-9-5-10(18)6-14(22-4)17(9)16(19)15-12(21-3)7-11(20-2)8-13(15)23-17/h6-9H,5H2,1-4H3	N/A	3	positive	UPDATE-SINGLE-ANNOTATED-BRONZE	Bronze	865	spectra/specs_ms.pklbin	lib-00003.mgf	0.941472	MONA	2970.03	414.355	0.0	10	0.0	319.118	319.118	1	spectra/specs_ms.pklbin865	1		0	0	C17H18O6	QPCYNIYZPDJCMB-UHFFFAOYSA-N	QPCYNIYZPDJCMB	N/A	N/A	N/A	Aromatic polyketides	Griseofulvins	Polyketides
CCMSLIB00011905991	Dehydrorabelomycin	ESI	Orbitrap	Isolated	Daniel Petras	"""Christian Geibel, Giovanni Andrea Vitale"""	M+H	321.076	320.068	1	N/A	N/A	CC1=CC2=CC(=C3C(=C2C(=C1)O)C(=O)C4=C(C3=O)C(=CC=C4)O)O	InChI=1S/C19H12O5/c1-8-5-9-7-13(22)16-17(14(9)12(21)6-8)18(23)10-3-2-4-11(20)15(10)19(16)24/h2-7,20-22H,1H3	N/A	1	Positive	UPDATE-SINGLE-ANNOTATED-GOLD	Gold	873	spectra/specs_ms.pklbin	lib-00028.mgf	0.8237530000000001	TUEBINGEN-NATURAL-PRODUCT-COLLECTION	2953.08	291.277	0.0	11	0.0	321.076	321.07599999999996	1	spectra/specs_ms.pklbin873	1		0	0	C19H12O5	PQVIKROZFPIERS-UHFFFAOYSA-N	PQVIKROZFPIERS	N/A	N/A	N/A	Polycyclic aromatic polyketides	Angucyclines	Polyketides
CCMSLIB00010123785	bromocriptine CollisionEnergy:205060	LC-ESI	Orbitrap	Commercial	Trent Northen	JGI	M+2H]	327.618	0.0	1	N/A	N/A	CC(C)CC1C(=O)N2CCCC2C2(O)OC(N=C(O)C3C=C4c5cccc6[nH]c(Br)c(c56)CC4N(C)C3)(C(C)C)C(=O)N12	"""InChI=1S/C32H40BrN5O5/c1-16(2)12-24-29(40)37-11-7-10-25(37)32(42)38(24)30(41)31(43-32,17(3)4)35-28(39)18-13-20-19-8-6-9-22-26(19)21(27(33)34-22)14-23(20)36(5)15-18/h6,8-9,13,16-18,23-25,34,42H,7,10-12,14-15H2,1-5H3,(H,35,39)/t18-,23-,24+,25+,31-,32+/m1/s1"""	N/A	3	Positive	UPDATE-SINGLE-ANNOTATED-BRONZE	Bronze	900	spectra/specs_ms.pklbin	lib-00011.mgf	0.752441	BERKELEY-LAB	2885.18	369.57199999999995	0.0	9	326.611	327.618	327.618	2	spectra/specs_ms.pklbin900	1		0	0	C32H40BrN5O5	OZVBMTJYIDMWIL-UHFFFAOYSA-N	OZVBMTJYIDMWIL	N/A	N/A	N/A	Tryptophan alkaloids	Ergot alkaloids	Alkaloids
CCMSLIB00010102182	GA3 (GIBBERELLIC ACID) CollisionEnergy:205060	LC-ESI	Orbitrap	Commercial	Trent Northen	JGI	M-H2O+H	329.138	346.142	1	N/A	N/A	C[C@@]12[C@H](C=C[C@@]3([C@@H]1[C@@H]([C@]45[C@H]3CC[C@](C4)(C(=C)C5)O)C(=O)O)OC2=O)O	"""InChI=1S/C19H22O6/c1-9-7-17-8-18(9,24)5-3-10(17)19-6-4-11(20)16(2,15(23)25-19)13(19)12(17)14(21)22/h4,6,10-13,20,24H,1,3,5,7-8H2,2H3,(H,21,22)/t10-,11+,12-,13-,16-,17+,18+,19-/m1/s1"""	N/A	3	Positive	UPDATE-SINGLE-ANNOTATED-BRONZE	Bronze	914	spectra/specs_ms.pklbin	lib-00011.mgf	0.8397469999999999	BERKELEY-LAB	5531.45	194.983	0.0	12	0.0	329.138	329.13800000000003	1	spectra/specs_ms.pklbin914	1		0	0	C19H22O6	IXORZMNAPKEEDV-OBDJNFEBSA-N	IXORZMNAPKEEDV	N/A	N/A	N/A	Diterpenoids	Gibberellins	Terpenoids
CCMSLIB00010102196	GA1 CollisionEnergy:205060	LC-ESI	Orbitrap	Commercial	Trent Northen	JGI	M-H2O+H	331.153	348.157	1	N/A	N/A	C[C@@]12[C@H](CC[C@@]3([C@@H]1[C@@H]([C@]45[C@H]3CC[C@](C4)(C(=C)C5)O)C(=O)O)OC2=O)O	"""InChI=1S/C19H24O6/c1-9-7-17-8-18(9,24)5-3-10(17)19-6-4-11(20)16(2,15(23)25-19)13(19)12(17)14(21)22/h10-13,20,24H,1,3-8H2,2H3,(H,21,22)/t10-,11+,12-,13-,16-,17+,18+,19-/m1/s1"""	N/A	3	Positive	UPDATE-SINGLE-ANNOTATED-BRONZE	Bronze	923	spectra/specs_ms.pklbin	lib-00011.mgf	0.859504	BERKELEY-LAB	2864.9	240.638	2.9489799999999997	10	0.0009765619999999999	331.153	331.154	1	spectra/specs_ms.pklbin923	1		0	0	C19H24O6	JLJLRLWOEMWYQK-OBDJNFEBSA-N	JLJLRLWOEMWYQK	N/A	N/A	N/A	Diterpenoids	Gibberellins	Terpenoids
CCMSLIB00010109246	Andrographolide CollisionEnergy:102040	LC-ESI	Orbitrap	Commercial	Trent Northen	JGI	M+H-H2O	333.206	0.0	1	N/A	N/A	C=C1CCC2C(C)(CO)C(O)CCC2(C)C1CC=C1C(=O)OCC1O	"""InChI=1S/C20H30O5/c1-12-4-7-16-19(2,9-8-17(23)20(16,3)11-21)14(12)6-5-13-15(22)10-25-18(13)24/h5,14-17,21-23H,1,4,6-11H2,2-3H3/b13-5-"""	N/A	3	Positive	UPDATE-SINGLE-ANNOTATED-BRONZE	Bronze	932	spectra/specs_ms.pklbin	lib-00011.mgf	0.837298	BERKELEY-LAB	2759.98	342.55400000000003	0.0	12	0.0	333.206	333.20599999999996	1	spectra/specs_ms.pklbin932	1		0	0	C20H30O5	BOJKULTULYSRAS-UHFFFAOYSA-N	BOJKULTULYSRAS	N/A	N/A	N/A	Diterpenoids	Labdane diterpenoids	Terpenoids
CCMSLIB00004715802	methyl (1R,18R)-17-ethyl-3,13-diazapentacyclo[13.3.1.0ï¿½,ï¿½?.0?,?.0ï¿½ï¿½,ï¿½?]nonadeca-2(10),4(9),5,7,16-pentaene-1-carboxylate	N/A	ESI-QFT	isolated	MoNA	MoNA:VF-NPL-QEHF024739	[M+H]+	337.191	0.0	1	N/A	N/A	CCC1=CC2CN3CCc4c([nH]c5ccccc45)[C@@](C(=O)OC)(C2)[C@@H]13	InChI=1S/C21H24N2O2/c1-3-14-10-13-11-21(20(24)25-2)18-16(8-9-23(12-13)19(14)21)15-6-4-5-7-17(15)22-18/h4-7,10,13,19,22H,3,8-9,11-12H2,1-2H3/t13?,19-,21+/m1/s1	N/A	3	positive	UPDATE-SINGLE-ANNOTATED-BRONZE	Bronze	952	spectra/specs_ms.pklbin	lib-00003.mgf	0.708796	MONA	2971.63	279.106	2.98668	6	0.00100708	337.191	337.19	1	spectra/specs_ms.pklbin952	1		0	0	C21H24N2O2	CMKFQVZJOWHHDV-QYWJTTNJSA-N	CMKFQVZJOWHHDV	N/A	N/A	N/A	Tryptophan alkaloids	Iboga type	Alkaloids
CCMSLIB00006437342	catharanthine	ESI	Orbitrap	Commercial standard	BMDMS-NP	BMDMS-NP	[M+H]+	337.19	336.184	1	N/A	N/A	O=C(OC)C12C=3NC=4C=CC=CC4C3CCN5CC(C=C(CC)C51)C2	InChI=1S/C21H24N2O2/c1-3-14-10-13-11-21(20(24)25-2)18-16(8-9-23(12-13)19(14)21)15-6-4-5-7-17(15)22-18/h4-7,10,13,19,22H,3,8-9,11-12H2,1-2H3	N/A	1	Positive	UPDATE-SINGLE-ANNOTATED-GOLD	Gold	953	spectra/specs_ms.pklbin	lib-00042.mgf	0.970618	BMDMS-NP	42905.9	274.632	2.98668	7	0.00100708	337.19	337.191	1	spectra/specs_ms.pklbin953	1		0	0	C21H24N2O2	CMKFQVZJOWHHDV-UHFFFAOYSA-N	CMKFQVZJOWHHDV	N/A	N/A	N/A	Tryptophan alkaloids	Iboga type	Alkaloids
CCMSLIB00003134511	Spectral Match to 13-Docosenamide, (Z)- from NIST14	ESI	QQQ	Isolated	Data from Piel	Data deposited by eriche	M+H	338.341	337.335	1	112845	N/A	CCCCCCCC/C=C\CCCCCCCCCCCC(=O)N	InChI=1S/C22H43NO/c1-2-3-4-5-6-7-8-9-10-11-12-13-14-15-16-17-18-19-20-21-22(23)24/h9-10H,2-8,11-21H2,1H3,(H2,23,24)/b10-9-	N/A	3	Positive	UPDATE-SINGLE-ANNOTATED-BRONZE	Bronze	959	spectra/specs_ms.pklbin	lib-00018.mgf	0.8643370000000001	GNPS-NIST14-MATCHES	59951.6	666.0889999999999	2.9765200000000003	7	0.00100708	338.341	338.342	1	spectra/specs_ms.pklbin959	1		345	29203	C22H43NO	UAUDZVJPLUQNMU-KTKRTIGZSA-N	UAUDZVJPLUQNMU	N/A	N/A	N/A	Fatty amides	Primary amides	Fatty acids
CCMSLIB00003136769	Spectral Match to 2-Butanone, 4-(2,6,6-trimethyl-2-cyclohexen-1-yl)- from NIST14	ESI	Q-TOF	Isolated	Data from Wolfender/Litaudon	Data deposited by pmallard	M+H	195.174	0.0	1	31499726	N/A	N/A	N/A	N/A	3	Positive	UPDATE-SINGLE-ANNOTATED-BRONZE	Bronze	96	spectra/specs_ms.pklbin	lib-00018.mgf	0.813001	GNPS-NIST14-MATCHES	2919.58	609.56	0.0	6	0.0	195.174	195.174	1	spectra/specs_ms.pklbin96	1		48	3784	N/A	N/A	N/A	N/A	N/A	N/A	N/A	N/A	N/A
